CustomerID,customer_segment,recency,frequency,monetary,avg_revisit_days,revisit_pattern,cancel_frequency,cancel_rate,risk_level,predicted_next_purchase_date,revisit_status
14646,VIP 고객,1,72,279138.02,8,월간 고객,0,0,안전 고객,7/15/2025,정상 주기
18102,VIP 고객,0,60,259657.3,14.7,월간 고객,0,0,안전 고객,7/23/2025,정상 주기
17450,VIP 고객,8,46,194390.79,13.8,월간 고객,0,0,안전 고객,7/14/2025,정상 주기
16446,신규 고객,0,2,168472.5,205,비정기 고객,0,0,안전 고객,1/29/2026,정상 주기
14911,VIP 고객,1,198,136161.83,2.9,주간 고객,0,0,안전 고객,7/10/2025,정상 주기
12415,VIP 고객,24,20,124564.53,22.4,월간 고객,0,0,안전 고객,7/6/2025,재방문 예상
14156,VIP 고객,9,54,116560.08,8.6,월간 고객,0,0,안전 고객,7/8/2025,재방문 예상
17511,VIP 고객,2,31,91062.38,13.7,월간 고객,0,0,안전 고객,7/20/2025,정상 주기
12346,고가치 휴면 고객,325,1,77183.6,,일회성 고객,0,0,안전 고객,,예측 불가
16029,VIP 고객,38,62,72708.09,9.1,월간 고객,0,0,안전 고객,6/9/2025,재방문 지연
16684,VIP 고객,4,28,66653.56,23.6,월간 고객,0,0,안전 고객,7/28/2025,정상 주기
13694,VIP 고객,3,50,65039.62,10.9,월간 고객,0,0,안전 고객,7/16/2025,정상 주기
15311,VIP 고객,0,91,60632.75,4.2,주간 고객,0,0,안전 고객,7/12/2025,정상 주기
13089,VIP 고객,2,97,58762.08,5.6,주간 고객,0,0,안전 고객,7/12/2025,정상 주기
17949,VIP 고객,1,44,58030.48,13.7,월간 고객,0,0,안전 고객,7/21/2025,정상 주기
15769,VIP 고객,7,26,56252.72,17.3,월간 고객,0,0,안전 고객,7/18/2025,정상 주기
15061,VIP 고객,3,48,54534.14,13.2,월간 고객,0,0,안전 고객,7/18/2025,정상 주기
14096,VIP 고객,4,17,53258.43,6.1,주간 고객,0,0,안전 고객,7/10/2025,정상 주기
14298,VIP 고객,8,44,51527.3,14.7,월간 고객,0,0,안전 고객,7/15/2025,정상 주기
14088,VIP 고객,10,13,50491.81,28.4,월간 고객,0,0,안전 고객,7/26/2025,정상 주기
15749,고가치 휴면 고객,235,3,44534.3,97,비정기 고객,0,0,안전 고객,2/20/2025,재방문 지연
12931,VIP 고객,21,15,42055.96,30.5,계절 고객,0,0,안전 고객,7/18/2025,정상 주기
17841,VIP 고객,1,124,40495.99,3.4,주간 고객,0,0,안전 고객,7/10/2025,정상 주기
15098,고가치 휴면 고객,182,3,39916.5,,일회성 고객,0,0,안전 고객,,예측 불가
13798,VIP 고객,1,57,37153.85,7.1,월간 고객,0,0,안전 고객,7/14/2025,정상 주기
16013,VIP 고객,3,47,37130.6,13.6,월간 고객,0,0,안전 고객,7/19/2025,정상 주기
16422,VIP 고객,17,51,34684.4,7.5,월간 고객,0,0,안전 고객,6/28/2025,재방문 지연
15838,VIP 고객,11,19,33643.08,25.4,월간 고객,0,0,안전 고객,7/22/2025,정상 주기
17389,VIP 고객,0,34,31833.68,10.7,월간 고객,0,0,안전 고객,7/19/2025,정상 주기
17404,VIP 고객,4,13,31781.82,29.7,월간 고객,0,0,안전 고객,8/3/2025,정상 주기
12748,VIP 고객,0,206,31650.78,3.3,주간 고객,0,0,안전 고객,7/11/2025,정상 주기
13098,VIP 고객,1,28,28882.44,12.6,월간 고객,0,0,안전 고객,7/20/2025,정상 주기
14680,VIP 고객,25,16,28739.11,23.1,월간 고객,0,0,안전 고객,7/6/2025,재방문 예상
13081,VIP 고객,11,11,28337.38,45,계절 고객,0,0,안전 고객,8/11/2025,정상 주기
13408,VIP 고객,1,62,28117.04,9.3,월간 고객,0,0,안전 고객,7/16/2025,정상 주기
16333,VIP 고객,7,22,26626.8,25.2,월간 고객,0,0,안전 고객,7/26/2025,정상 주기
13777,VIP 고객,0,33,25977.16,16.2,월간 고객,0,0,안전 고객,7/24/2025,정상 주기
17857,VIP 고객,4,22,25301.54,19,월간 고객,0,0,안전 고객,7/23/2025,정상 주기
12753,활성 고객,22,6,21429.39,68,계절 고객,0,0,안전 고객,8/23/2025,정상 주기
16210,VIP 고객,1,17,21076.3,24.8,월간 고객,0,0,안전 고객,8/1/2025,정상 주기
17675,VIP 고객,1,31,20359.28,13.1,월간 고객,0,0,안전 고객,7/20/2025,정상 주기
17381,VIP 고객,8,29,20275.61,19.2,월간 고객,0,0,안전 고객,7/19/2025,정상 주기
15039,VIP 고객,9,47,19766.59,8.8,월간 고객,0,0,안전 고객,7/8/2025,재방문 예상
12731,VIP 고객,23,12,18751.91,34.1,계절 고객,0,0,안전 고객,7/19/2025,정상 주기
15159,VIP 고객,1,30,18641.01,20,월간 고객,0,0,안전 고객,7/27/2025,정상 주기
12901,VIP 고객,8,28,17654.54,11.9,월간 고객,0,0,안전 고객,7/12/2025,정상 주기
12471,VIP 고객,2,27,17388.65,20.1,월간 고객,0,0,안전 고객,7/26/2025,정상 주기
14031,VIP 고객,7,19,17286.86,22.8,월간 고객,0,0,안전 고객,7/24/2025,정상 주기
17428,VIP 고객,0,28,17256.85,18.4,월간 고객,0,0,안전 고객,7/26/2025,정상 주기
13767,VIP 고객,2,37,17220.36,12.4,월간 고객,0,0,안전 고객,7/18/2025,정상 주기
13881,VIP 고객,3,20,17159.52,20.5,월간 고객,0,0,안전 고객,7/26/2025,정상 주기
16839,VIP 고객,8,34,16594.35,11.6,월간 고객,0,0,안전 고객,7/12/2025,정상 주기
12921,VIP 고객,9,37,16587.09,16.5,월간 고객,0,0,안전 고객,7/16/2025,정상 주기
17677,VIP 고객,1,30,16345.38,21.6,월간 고객,0,0,안전 고객,7/29/2025,정상 주기
12678,활성 고객,42,9,16331.46,44.4,계절 고객,0,0,안전 고객,7/10/2025,정상 주기
15189,VIP 고객,1,41,16225.39,8.9,월간 고객,0,0,안전 고객,7/16/2025,정상 주기
15856,VIP 고객,4,27,16142.38,18.1,월간 고객,0,0,안전 고객,7/22/2025,정상 주기
14051,VIP 고객,0,23,15595.39,17.4,월간 고객,0,0,안전 고객,7/25/2025,정상 주기
14607,VIP 고객,15,12,15021.5,49.2,계절 고객,0,0,안전 고객,8/11/2025,정상 주기
15513,VIP 고객,33,19,14758.22,24.3,월간 고객,0,0,안전 고객,6/29/2025,재방문 예상
16133,VIP 고객,3,33,14589.04,11.3,월간 고객,0,0,안전 고객,7/16/2025,정상 주기
14866,VIP 고객,10,11,14353.4,39.6,계절 고객,0,0,안전 고객,8/7/2025,정상 주기
16705,VIP 고객,0,20,14034.99,32.5,계절 고객,0,0,안전 고객,8/10/2025,정상 주기
12433,활성 고객,0,7,13375.87,74.6,계절 고객,0,0,안전 고객,9/21/2025,정상 주기
15498,VIP 고객,2,27,13316.4,22.8,월간 고객,0,0,안전 고객,7/29/2025,정상 주기
12477,활성 고객,22,6,13219.74,55.8,계절 고객,0,0,안전 고객,8/11/2025,정상 주기
17735,VIP 고객,2,19,13110.02,21.5,월간 고객,0,0,안전 고객,7/28/2025,정상 주기
16525,VIP 고객,2,26,13027.45,14.6,월간 고객,0,0,안전 고객,7/21/2025,정상 주기
14258,활성 고객,9,9,12669.98,46.9,계절 고객,0,0,안전 고객,8/15/2025,정상 주기
13078,VIP 고객,3,26,12627.94,15.1,월간 고객,0,0,안전 고객,7/20/2025,정상 주기
15640,VIP 고객,4,15,12416.11,26.3,월간 고객,0,0,안전 고객,7/30/2025,정상 주기
12621,VIP 고객,1,20,12411.67,22.8,월간 고객,0,0,안전 고객,7/30/2025,정상 주기
16000,신규 고객,2,3,12393.7,,일회성 고객,0,0,안전 고객,,예측 불가
12681,VIP 고객,14,22,12365.54,18.6,월간 고객,0,0,안전 고객,7/13/2025,정상 주기
17340,VIP 고객,29,11,12353.29,48.1,계절 고객,0,0,안전 고객,7/27/2025,정상 주기
13113,VIP 고객,0,24,12245.96,16.6,월간 고객,0,0,안전 고객,7/25/2025,정상 주기
12557,활성 고객,16,5,11990.96,88.8,계절 고객,0,0,안전 고객,9/19/2025,정상 주기
14606,VIP 고객,1,90,11926.15,4.3,주간 고객,0,0,안전 고객,7/11/2025,정상 주기
12939,잠재 고객,64,8,11581.8,54,계절 고객,0,0,안전 고객,6/28/2025,재방문 예상
12540,VIP 고객,19,17,11580.24,21.4,월간 고객,0,0,안전 고객,7/10/2025,정상 주기
15125,VIP 고객,25,15,11528.48,27.2,월간 고객,0,0,안전 고객,7/10/2025,정상 주기
14194,VIP 고객,4,21,11349.52,21.7,월간 고객,0,0,안전 고객,7/26/2025,정상 주기
12971,VIP 고객,3,86,11189.91,5.3,주간 고객,0,0,안전 고객,7/10/2025,정상 주기
14895,VIP 고객,7,20,11138.71,28.3,월간 고객,0,0,안전 고객,7/29/2025,정상 주기
12409,잠재 고객,78,3,11072.67,52,계절 고객,0,0,안전 고객,6/12/2025,재방문 예상
17581,VIP 고객,0,25,11025.24,41.3,계절 고객,0,0,안전 고객,8/18/2025,정상 주기
12682,VIP 고객,3,31,11019.82,14.2,월간 고객,0,0,안전 고객,7/19/2025,정상 주기
13319,VIP 고객,5,26,10845.55,22.5,월간 고객,0,0,안전 고객,7/26/2025,정상 주기
15482,VIP 고객,15,11,10839.76,49,계절 고객,0,0,안전 고객,8/11/2025,정상 주기
17107,활성 고객,33,6,10797.48,61.3,계절 고객,0,0,안전 고객,8/5/2025,정상 주기
13340,활성 고객,45,7,10736.48,57.8,계절 고객,0,0,안전 고객,7/21/2025,정상 주기
17139,VIP 고객,15,12,10650.77,34.1,계절 고객,0,0,안전 고객,7/27/2025,정상 주기
16779,VIP 고객,2,22,10611.72,18.2,월간 고객,0,0,안전 고객,7/24/2025,정상 주기
17865,VIP 고객,30,20,10524.22,22.3,월간 고객,0,0,안전 고객,6/30/2025,재방문 예상
17706,VIP 고객,4,17,10504.49,32.9,계절 고객,0,0,안전 고객,8/6/2025,정상 주기
15251,VIP 고객,9,11,10484.99,25.8,월간 고객,0,0,안전 고객,7/25/2025,정상 주기
14062,VIP 고객,9,12,10464.85,35.5,계절 고객,0,0,안전 고객,8/4/2025,정상 주기
14769,활성 고객,2,8,10415.33,50.7,계절 고객,0,0,안전 고객,8/26/2025,정상 주기
15615,VIP 고객,10,23,10399.74,21.8,월간 고객,0,0,안전 고객,7/20/2025,정상 주기
16180,잠재 고객,100,8,10254.18,25.3,월간 고객,0,0,안전 고객,4/24/2025,재방문 지연
16843,VIP 고객,42,16,10196.57,25.9,월간 고객,0,0,안전 고객,6/22/2025,재방문 지연
13199,VIP 고객,3,37,9802.12,11.7,월간 고객,0,0,안전 고객,7/17/2025,정상 주기
13001,VIP 고객,4,13,9785.97,26.8,월간 고객,0,0,안전 고객,7/31/2025,정상 주기
15078,VIP 고객,7,32,9743.11,19,월간 고객,0,0,안전 고객,7/20/2025,정상 주기
13458,VIP 고객,7,14,9646.57,27.1,월간 고객,0,0,안전 고객,7/28/2025,정상 주기
14733,VIP 고객,16,12,9585.91,31.9,계절 고객,0,0,안전 고객,7/24/2025,정상 주기
16523,VIP 고객,1,21,9418.47,18.5,월간 고객,0,0,안전 고객,7/26/2025,정상 주기
12709,VIP 고객,15,15,9400.52,25.1,월간 고객,0,0,안전 고객,7/18/2025,정상 주기
12590,고가치 휴면 고객,211,1,9341.26,,일회성 고객,0,0,안전 고객,,예측 불가
14367,VIP 고객,8,16,9227.82,22.3,월간 고객,0,0,안전 고객,7/22/2025,정상 주기
14667,VIP 고객,10,25,9170.79,16.3,월간 고객,0,0,안전 고객,7/14/2025,정상 주기
12744,신규 고객,56,4,9120.39,87.3,계절 고객,0,0,안전 고객,8/8/2025,정상 주기
18092,VIP 고객,2,11,9068.26,40.3,계절 고객,0,0,안전 고객,8/15/2025,정상 주기
13969,VIP 고객,7,18,9024.17,22.4,월간 고객,0,0,안전 고객,7/23/2025,정상 주기
12451,활성 고객,10,5,8995.52,78.5,계절 고객,0,0,안전 고객,9/15/2025,정상 주기
13488,VIP 고객,17,13,8968.31,31.8,계절 고객,0,0,안전 고객,7/23/2025,정상 주기
13090,VIP 고객,8,13,8895.82,30.3,계절 고객,0,0,안전 고객,7/30/2025,정상 주기
16033,VIP 고객,5,20,8778.82,21.4,월간 고객,0,0,안전 고객,7/24/2025,정상 주기
17017,VIP 고객,2,20,8694.26,24.7,월간 고객,0,0,안전 고객,7/31/2025,정상 주기
17306,VIP 고객,10,19,8631.31,24.5,월간 고객,0,0,안전 고객,7/23/2025,정상 주기
16656,VIP 고객,22,15,8625.8,24.4,월간 고객,0,0,안전 고객,7/10/2025,정상 주기
12567,VIP 고객,22,10,8609.28,43.4,계절 고객,0,0,안전 고객,7/29/2025,정상 주기
17243,VIP 고객,1,26,8531.65,14.7,월간 고객,0,0,안전 고객,7/22/2025,정상 주기
14527,VIP 고객,2,55,8506.13,6.9,주간 고객,0,0,안전 고객,7/13/2025,정상 주기
18139,활성 고객,17,6,8438.34,1,주간 고객,0,0,안전 고객,6/22/2025,재방문 지연
15358,VIP 고객,4,22,8347.2,25.8,월간 고객,0,0,안전 고객,7/30/2025,정상 주기
16558,VIP 고객,0,20,8338.49,19.3,월간 고객,0,0,안전 고객,7/27/2025,정상 주기
14056,VIP 고객,1,23,8152.71,12.9,월간 고객,0,0,안전 고객,7/20/2025,정상 주기
14936,활성 고객,33,8,8137.02,60.5,계절 고객,0,0,안전 고객,8/5/2025,정상 주기
16672,VIP 고객,2,20,8134.94,15.5,월간 고객,0,0,안전 고객,7/22/2025,정상 주기
13854,VIP 고객,8,25,8109.52,14.9,월간 고객,0,0,안전 고객,7/15/2025,정상 주기
14952,VIP 고객,59,11,8099.49,43.6,계절 고객,0,0,안전 고객,6/23/2025,재방문 예상
18109,VIP 고객,1,26,8004.92,15.3,월간 고객,0,0,안전 고객,7/22/2025,정상 주기
14796,VIP 고객,1,17,7973.93,22.8,월간 고객,0,0,안전 고객,7/30/2025,정상 주기
14849,VIP 고객,21,25,7930.54,29.3,월간 고객,0,0,안전 고객,7/16/2025,정상 주기
15290,VIP 고객,4,18,7928.22,22.2,월간 고객,0,0,안전 고객,7/26/2025,정상 주기
13093,일반 고객,275,8,7832.47,16.3,월간 고객,0,0,안전 고객,10/22/2024,재방문 지연
12435,잠재 고객,79,2,7829.89,188,비정기 고객,0,0,안전 고객,10/25/2025,정상 주기
13629,VIP 고객,23,11,7792.36,31.5,계절 고객,0,0,안전 고객,7/17/2025,정상 주기
17811,VIP 고객,4,39,7755.12,8.9,월간 고객,0,0,안전 고객,7/13/2025,정상 주기
15044,VIP 고객,19,17,7634.73,24.5,월간 고객,0,0,안전 고객,7/14/2025,정상 주기
15194,VIP 고객,3,15,7616.53,26.1,월간 고객,0,0,안전 고객,7/31/2025,정상 주기
12683,VIP 고객,4,14,7612.57,36.1,계절 고객,0,0,안전 고객,8/9/2025,정상 주기
18172,VIP 고객,14,20,7561.68,21.2,월간 고객,0,0,안전 고객,7/15/2025,정상 주기
13263,VIP 고객,1,34,7411.71,10.5,월간 고객,0,0,안전 고객,7/18/2025,정상 주기
12980,일반 고객,157,9,7374.9,25.1,월간 고객,0,0,안전 고객,2/26/2025,재방문 지연
15465,VIP 고객,19,18,7354.62,20.6,월간 고객,0,0,안전 고객,7/10/2025,정상 주기
17396,활성 고객,39,7,7312.8,110.7,비정기 고객,0,0,안전 고객,9/18/2025,정상 주기
13018,VIP 고객,16,28,7277.7,14.7,월간 고객,0,0,안전 고객,7/7/2025,재방문 예상
18229,VIP 고객,11,20,7276.9,19.1,월간 고객,0,0,안전 고객,7/16/2025,정상 주기
16729,VIP 고객,38,21,7202.01,11.3,월간 고객,0,0,안전 고객,6/11/2025,재방문 지연
16745,잠재 고객,86,17,7180.7,14.1,월간 고객,0,0,안전 고객,4/27/2025,재방문 지연
16873,활성 고객,4,6,7123.62,72,계절 고객,0,0,안전 고객,9/14/2025,정상 주기
13324,VIP 고객,36,10,7121.95,64.8,계절 고객,0,0,안전 고객,8/6/2025,정상 주기
16923,VIP 고객,12,19,7069.08,21.9,월간 고객,0,0,안전 고객,7/18/2025,정상 주기
13985,VIP 고객,4,15,7060.13,18.6,월간 고객,0,0,안전 고객,7/23/2025,정상 주기
14961,활성 고객,10,9,7044.68,50,계절 고객,0,0,안전 고객,8/17/2025,정상 주기
12798,신규 고객,10,3,6977.04,80,계절 고객,0,0,안전 고객,9/16/2025,정상 주기
12989,VIP 고객,3,15,6924.11,30.1,계절 고객,0,0,안전 고객,8/4/2025,정상 주기
15502,VIP 고객,15,10,6923.98,59,계절 고객,0,0,안전 고객,8/21/2025,정상 주기
13027,잠재 고객,113,6,6912,48.2,계절 고객,0,0,안전 고객,5/4/2025,재방문 지연
16187,VIP 고객,31,15,6911.44,25.3,월간 고객,0,0,안전 고객,7/2/2025,재방문 예상
16713,VIP 고객,18,15,6910.78,24.9,월간 고객,0,0,안전 고객,7/15/2025,정상 주기
17416,활성 고객,29,7,6893.42,42,계절 고객,0,0,안전 고객,7/21/2025,정상 주기
12830,활성 고객,37,6,6814.64,33.5,계절 고객,0,0,안전 고객,7/4/2025,재방문 예상
15601,VIP 고객,11,14,6776.56,27.8,월간 고객,0,0,안전 고객,7/25/2025,정상 주기
16652,활성 고객,58,7,6773.97,53.8,계절 고객,0,0,안전 고객,7/4/2025,재방문 예상
18055,VIP 고객,7,10,6761.34,40.2,계절 고객,0,0,안전 고객,8/10/2025,정상 주기
16532,신규 고객,17,3,6748.8,160.5,비정기 고객,0,0,안전 고객,11/29/2025,정상 주기
13576,VIP 고객,10,18,6717.34,21.4,월간 고객,0,0,안전 고객,7/19/2025,정상 주기
12583,VIP 고객,2,15,6705.38,26.5,월간 고객,0,0,안전 고객,8/2/2025,정상 주기
15023,VIP 고객,3,11,6701.51,36.6,계절 고객,0,0,안전 고객,8/11/2025,정상 주기
12474,VIP 고객,17,18,6694.09,19.5,월간 고객,0,0,안전 고객,7/11/2025,정상 주기
15249,VIP 고객,31,13,6688.46,20.5,월간 고객,0,0,안전 고객,6/27/2025,재방문 지연
16746,VIP 고객,4,18,6680.11,22.1,월간 고객,0,0,안전 고객,7/26/2025,정상 주기
16353,VIP 고객,3,23,6675.71,19.3,월간 고객,0,0,안전 고객,7/24/2025,정상 주기
16182,잠재 고객,72,4,6617.65,74,계절 고객,0,0,안전 고객,7/10/2025,정상 주기
15144,VIP 고객,8,17,6580.44,23.4,월간 고객,0,0,안전 고객,7/23/2025,정상 주기
17338,활성 고객,17,8,6484.75,49.1,계절 고객,0,0,안전 고객,8/9/2025,정상 주기
18223,VIP 고객,4,14,6484.54,29.5,월간 고객,0,0,안전 고객,8/3/2025,정상 주기
15694,VIP 고객,0,13,6464.4,31,계절 고객,0,0,안전 고객,8/8/2025,정상 주기
13225,활성 고객,3,7,6463.84,59.7,계절 고객,0,0,안전 고객,9/3/2025,정상 주기
12766,활성 고객,3,7,6457.63,60.5,계절 고객,0,0,안전 고객,9/4/2025,정상 주기
13102,VIP 고객,1,24,6424.09,19.2,월간 고객,0,0,안전 고객,7/26/2025,정상 주기
16814,VIP 고객,14,21,6406.8,17.8,월간 고객,0,0,안전 고객,7/12/2025,정상 주기
12428,활성 고객,25,8,6405.26,43,계절 고객,0,0,안전 고객,7/26/2025,정상 주기
13871,VIP 고객,22,13,6403.25,26,월간 고객,0,0,안전 고객,7/12/2025,정상 주기
12705,활성 고객,15,8,6382.29,48.9,계절 고객,0,0,안전 고객,8/11/2025,정상 주기
12431,VIP 고객,35,15,6314.95,26,월간 고객,0,0,안전 고객,6/29/2025,재방문 예상
12359,신규 고객,57,4,6310.03,91.3,비정기 고객,0,0,안전 고객,8/11/2025,정상 주기
13668,VIP 고객,2,21,6309.83,18,월간 고객,0,0,안전 고객,7/24/2025,정상 주기
13709,VIP 고객,3,13,6307.65,44.6,계절 고객,0,0,안전 고객,8/19/2025,정상 주기
15005,VIP 고객,15,28,6293.67,13,월간 고객,0,0,안전 고객,7/6/2025,재방문 예상
16126,신규 고객,29,4,6287.77,89,계절 고객,0,0,안전 고객,9/6/2025,정상 주기
17315,VIP 고객,1,36,6241.15,10.5,월간 고객,0,0,안전 고객,7/18/2025,정상 주기
14057,VIP 고객,23,17,6211.66,25.9,월간 고객,0,0,안전 고객,7/11/2025,정상 주기
12357,신규 고객,33,1,6207.67,,일회성 고객,0,0,안전 고객,,예측 불가
14060,VIP 고객,4,19,6140.42,20.4,월간 고객,0,0,안전 고객,7/24/2025,정상 주기
13418,VIP 고객,11,18,6127.43,30.1,계절 고객,0,0,안전 고객,7/27/2025,정상 주기
15939,잠재 고객,89,14,6100.01,20.2,월간 고객,0,0,안전 고객,4/30/2025,재방문 지연
17509,활성 고객,57,8,6083.64,3,주간 고객,0,0,안전 고객,5/15/2025,재방문 지연
12472,활성 고객,32,7,6068.11,56.2,계절 고객,0,0,안전 고객,8/1/2025,정상 주기
14735,VIP 고객,3,31,6050.69,19.7,월간 고객,0,0,안전 고객,7/25/2025,정상 주기
13097,VIP 고객,32,10,6003.22,41,계절 고객,0,0,안전 고객,7/17/2025,정상 주기
14101,잠재 고객,73,6,5976.79,50.6,계절 고객,0,0,안전 고객,6/16/2025,재방문 예상
15382,활성 고객,14,6,5955.71,70.3,계절 고객,0,0,안전 고객,9/2/2025,정상 주기
12626,활성 고객,23,9,5954.48,37.9,계절 고객,0,0,안전 고객,7/23/2025,정상 주기
14944,VIP 고객,29,12,5900.25,44.5,계절 고객,0,0,안전 고객,7/24/2025,정상 주기
12476,VIP 고객,15,11,5898.42,38.4,계절 고객,0,0,안전 고객,7/31/2025,정상 주기
13209,활성 고객,30,8,5891.61,66.2,계절 고객,0,0,안전 고객,8/13/2025,정상 주기
13534,VIP 고객,2,25,5870.08,20.9,월간 고객,0,0,안전 고객,7/27/2025,정상 주기
14505,활성 고객,17,8,5859.43,49.3,계절 고객,0,0,안전 고객,8/9/2025,정상 주기
14415,VIP 고객,1,13,5855.57,29.9,월간 고객,0,0,안전 고객,8/6/2025,정상 주기
13050,VIP 고객,14,17,5833.11,22,월간 고객,0,0,안전 고객,7/16/2025,정상 주기
12637,잠재 고객,67,8,5804.9,42.7,계절 고객,0,0,안전 고객,6/14/2025,재방문 지연
15218,VIP 고객,10,11,5756.89,38.5,계절 고객,0,0,안전 고객,8/6/2025,정상 주기
17686,활성 고객,7,7,5739.46,73.8,계절 고객,0,0,안전 고객,9/13/2025,정상 주기
13316,신규 고객,37,4,5732.93,72.3,계절 고객,0,0,안전 고객,8/12/2025,정상 주기
13178,VIP 고객,26,11,5725.47,33.4,계절 고객,0,0,안전 고객,7/15/2025,정상 주기
16553,휴면 우수 고객,163,12,5719.82,39.4,계절 고객,0,0,안전 고객,3/6/2025,재방문 지연
13468,VIP 고객,1,37,5704.97,10.6,월간 고객,0,0,안전 고객,7/18/2025,정상 주기
14110,VIP 고객,3,12,5683.15,23.9,월간 고객,0,0,안전 고객,7/29/2025,정상 주기
17716,VIP 고객,22,11,5655.99,30.6,계절 고객,0,0,안전 고객,7/17/2025,정상 주기
13004,VIP 고객,11,18,5655.91,21.6,월간 고객,0,0,안전 고객,7/19/2025,정상 주기
17049,활성 고객,2,9,5655.03,39,계절 고객,0,0,안전 고객,8/14/2025,정상 주기
18118,VIP 고객,10,26,5622.68,14.4,월간 고객,0,0,안전 고객,7/12/2025,정상 주기
12839,VIP 고객,2,14,5591.42,28.1,월간 고객,0,0,안전 고객,8/3/2025,정상 주기
17757,VIP 고객,1,30,5589.44,12.8,월간 고객,0,0,안전 고객,7/20/2025,정상 주기
14688,VIP 고객,7,21,5579.1,19.3,월간 고객,0,0,안전 고객,7/20/2025,정상 주기
14049,신규 고객,16,4,5578.72,100.3,비정기 고객,0,0,안전 고객,9/30/2025,정상 주기
16767,VIP 고객,30,11,5575.56,40.9,계절 고객,0,0,안전 고객,7/19/2025,정상 주기
12539,신규 고객,22,4,5568.35,103.7,비정기 고객,0,0,안전 고객,9/28/2025,정상 주기
18225,VIP 고객,3,12,5504.96,32.9,계절 고객,0,0,안전 고객,8/7/2025,정상 주기
16609,활성 고객,15,7,5493.46,39.5,계절 고객,0,0,안전 고객,8/2/2025,정상 주기
16161,VIP 고객,1,19,5488.67,20.4,월간 고객,0,0,안전 고객,7/27/2025,정상 주기
15805,VIP 고객,23,17,5488.18,28.4,월간 고객,0,0,안전 고객,7/13/2025,정상 주기
16985,VIP 고객,17,10,5464.12,56.8,계절 고객,0,0,안전 고객,8/17/2025,정상 주기
18198,VIP 고객,4,17,5425.56,20.7,월간 고객,0,0,안전 고객,7/25/2025,정상 주기
17809,VIP 고객,16,12,5411.91,39.7,계절 고객,0,0,안전 고객,8/1/2025,정상 주기
16701,VIP 고객,8,13,5398.3,32.1,계절 고객,0,0,안전 고객,8/1/2025,정상 주기
17719,VIP 고객,37,15,5396.04,15.6,월간 고객,0,0,안전 고객,6/17/2025,재방문 지연
17850,휴면 우수 고객,372,34,5391.21,1,주간 고객,0,0,안전 고객,7/2/2024,재방문 지연
16303,신규 고객,25,3,5360.63,154,비정기 고객,0,0,안전 고객,11/14/2025,정상 주기
16265,활성 고객,9,9,5347,50.7,계절 고객,0,0,안전 고객,8/19/2025,정상 주기
13269,VIP 고객,1,15,5343.28,30.7,계절 고객,0,0,안전 고객,8/7/2025,정상 주기
17730,VIP 고객,3,13,5298.48,26.9,월간 고객,0,0,안전 고객,8/1/2025,정상 주기
15150,VIP 고객,17,10,5291.33,28,월간 고객,0,0,안전 고객,7/19/2025,정상 주기
17061,잠재 고객,73,11,5232.23,19.9,월간 고객,0,0,안전 고객,5/16/2025,재방문 지연
18226,VIP 고객,44,11,5228.05,29.3,월간 고객,0,0,안전 고객,6/23/2025,재방문 지연
16258,활성 고객,45,5,5203.51,43.5,계절 고객,0,0,안전 고객,7/6/2025,재방문 예상
13756,VIP 고객,2,14,5189.52,33.2,계절 고객,0,0,안전 고객,8/8/2025,정상 주기
16191,VIP 고객,2,13,5180.52,39.8,계절 고객,0,0,안전 고객,8/15/2025,정상 주기
15727,활성 고객,16,7,5159.06,57.2,계절 고객,0,0,안전 고객,8/18/2025,정상 주기
13599,VIP 고객,1,21,5149.92,26.1,월간 고객,0,0,안전 고객,8/2/2025,정상 주기
17858,VIP 고객,5,12,5140.66,33.1,계절 고객,0,0,안전 고객,8/5/2025,정상 주기
15903,활성 고객,9,7,5126.76,47.7,계절 고객,0,0,안전 고객,8/16/2025,정상 주기
12720,VIP 고객,2,25,5115.73,18.4,월간 고객,0,0,안전 고객,7/24/2025,정상 주기
13941,활성 고객,21,5,5112.96,87.8,계절 고객,0,0,안전 고객,9/13/2025,정상 주기
16700,VIP 고객,8,13,5076.55,29.8,월간 고객,0,0,안전 고객,7/30/2025,정상 주기
15046,VIP 고객,9,15,5071.47,23.5,월간 고객,0,0,안전 고객,7/23/2025,정상 주기
13139,활성 고객,16,7,5064.94,48.6,계절 고객,0,0,안전 고객,8/10/2025,정상 주기
17602,활성 고객,2,6,5054.42,64.4,계절 고객,0,0,안전 고객,9/8/2025,정상 주기
15301,VIP 고객,50,12,5049.95,35.3,계절 고객,0,0,안전 고객,6/23/2025,재방문 예상
17426,활성 고객,8,6,5037.26,91.3,비정기 고객,0,0,안전 고객,9/29/2025,정상 주기
15719,VIP 고객,32,13,5028.42,25.4,월간 고객,0,0,안전 고객,7/1/2025,재방문 예상
14755,VIP 고객,9,11,5010.28,32.5,계절 고객,0,0,안전 고객,8/1/2025,정상 주기
14562,VIP 고객,3,18,5006.77,18.8,월간 고객,0,0,안전 고객,7/24/2025,정상 주기
12481,VIP 고객,22,10,5003.82,49,계절 고객,0,0,안전 고객,8/4/2025,정상 주기
14329,활성 고객,17,7,4975.24,62.4,계절 고객,0,0,안전 고객,8/22/2025,정상 주기
15032,고가치 휴면 고객,256,3,4959.1,110,비정기 고객,0,0,안전 고객,2/12/2025,재방문 지연
14709,VIP 고객,15,13,4921.04,31.2,계절 고객,0,0,안전 고객,7/24/2025,정상 주기
15786,신규 고객,46,3,4919,68,계절 고객,0,0,안전 고객,7/30/2025,정상 주기
15547,VIP 고객,7,14,4910.6,32.3,계절 고객,0,0,안전 고객,8/2/2025,정상 주기
17133,활성 고객,15,7,4892.24,50.2,계절 고객,0,0,안전 고객,8/12/2025,정상 주기
12688,일반 고객,113,1,4873.81,,일회성 고객,0,0,안전 고객,,예측 불가
14292,활성 고객,7,9,4871.93,55,계절 고객,0,0,안전 고객,8/25/2025,정상 주기
12490,VIP 고객,5,10,4859.93,36,계절 고객,0,0,안전 고객,8/8/2025,정상 주기
17652,VIP 고객,25,12,4822.72,23.3,월간 고객,0,0,안전 고객,7/6/2025,재방문 예상
15738,VIP 고객,18,16,4812.42,25.3,월간 고객,0,0,안전 고객,7/15/2025,정상 주기
13013,VIP 고객,1,13,4810.94,33.6,계절 고객,0,0,안전 고객,8/10/2025,정상 주기
15298,VIP 고객,2,12,4799.9,36.4,계절 고객,0,0,안전 고객,8/11/2025,정상 주기
15555,VIP 고객,12,16,4791.87,23.8,월간 고객,0,0,안전 고객,7/20/2025,정상 주기
17365,활성 고객,12,8,4762.32,53.3,계절 고객,0,0,안전 고객,8/18/2025,정상 주기
15187,VIP 고객,1,15,4762.18,17.6,월간 고객,0,0,안전 고객,7/25/2025,정상 주기
12955,VIP 고객,1,11,4757.16,26.6,월간 고객,0,0,안전 고객,8/3/2025,정상 주기
14180,VIP 고객,10,25,4748.52,15.7,월간 고객,0,0,안전 고객,7/14/2025,정상 주기
15152,VIP 고객,9,13,4745.69,14.8,월간 고객,0,0,안전 고객,7/14/2025,정상 주기
12362,VIP 고객,3,10,4737.23,32.4,계절 고객,0,0,안전 고객,8/6/2025,정상 주기
16722,VIP 고객,17,13,4730.81,29.3,월간 고객,0,0,안전 고객,7/20/2025,정상 주기
17690,VIP 고객,30,15,4726.8,26.4,월간 고객,0,0,안전 고객,7/4/2025,재방문 예상
14135,VIP 고객,1,15,4690.31,28.5,월간 고객,0,0,안전 고객,8/5/2025,정상 주기
14191,VIP 고객,1,13,4684.76,18.3,월간 고객,0,0,안전 고객,7/25/2025,정상 주기
14189,VIP 고객,2,15,4654.08,28.2,월간 고객,0,0,안전 고객,8/3/2025,정상 주기
14390,활성 고객,10,9,4642.57,51.7,계절 고객,0,0,안전 고객,8/19/2025,정상 주기
14286,신규 고객,23,3,4628.75,109.5,비정기 고객,0,0,안전 고객,10/3/2025,정상 주기
14159,VIP 고객,19,11,4627.98,34.3,계절 고객,0,0,안전 고객,7/23/2025,정상 주기
15291,VIP 고객,25,14,4623.3,26.8,월간 고객,0,0,안전 고객,7/10/2025,정상 주기
13802,고가치 휴면 고객,138,3,4599.42,86.5,계절 고객,0,0,안전 고객,5/17/2025,재방문 지연
15093,활성 고객,18,6,4597.02,70.8,계절 고객,0,0,안전 고객,8/30/2025,정상 주기
14004,활성 고객,43,7,4582.64,40.8,계절 고객,0,0,안전 고객,7/6/2025,재방문 예상
16931,VIP 고객,5,21,4554.87,19.2,월간 고객,0,0,안전 고객,7/22/2025,정상 주기
17068,VIP 고객,12,21,4545.89,17.8,월간 고객,0,0,안전 고객,7/14/2025,정상 주기
17613,VIP 고객,22,14,4544.55,28.3,월간 고객,0,0,안전 고객,7/14/2025,정상 주기
12700,신규 고객,7,4,4525.99,69.3,계절 고객,0,0,안전 고객,9/8/2025,정상 주기
13267,VIP 고객,2,19,4521.49,28,월간 고객,0,0,안전 고객,8/3/2025,정상 주기
14426,VIP 고객,23,10,4481.67,48.2,계절 고객,0,0,안전 고객,8/2/2025,정상 주기
17975,VIP 고객,15,13,4479.96,29.3,월간 고객,0,0,안전 고객,7/22/2025,정상 주기
17364,VIP 고객,0,11,4462.68,36.8,계절 고객,0,0,안전 고객,8/14/2025,정상 주기
16984,잠재 고객,88,2,4459.52,42,계절 고객,0,0,안전 고객,5/23/2025,재방문 지연
12437,VIP 고객,1,18,4447.41,23.6,월간 고객,0,0,안전 고객,7/31/2025,정상 주기
13069,VIP 고객,0,24,4431.44,19.4,월간 고객,0,0,안전 고객,7/27/2025,정상 주기
14085,VIP 고객,2,18,4421.29,24.4,월간 고객,0,0,안전 고객,7/30/2025,정상 주기
15955,VIP 고객,24,14,4416.26,38.7,계절 고객,0,0,안전 고객,7/23/2025,정상 주기
16626,VIP 고객,0,17,4413.1,16.6,월간 고객,0,0,안전 고객,7/25/2025,정상 주기
15874,잠재 고객,63,7,4405.88,44.2,계절 고객,0,0,안전 고객,6/19/2025,재방문 예상
14534,VIP 고객,2,18,4395.65,18.6,월간 고객,0,0,안전 고객,7/25/2025,정상 주기
12664,활성 고객,8,9,4391.88,39.2,계절 고객,0,0,안전 고객,8/8/2025,정상 주기
12752,일반 고객,81,1,4366.78,,일회성 고객,0,0,안전 고객,,예측 불가
12432,신규 고객,42,4,4359.32,130,비정기 고객,0,0,안전 고객,10/4/2025,정상 주기
16945,VIP 고객,21,19,4345.5,28.1,월간 고객,0,0,안전 고객,7/15/2025,정상 주기
14800,VIP 고객,47,12,4331.79,29.3,월간 고객,0,0,안전 고객,6/20/2025,재방문 지연
17567,활성 고객,7,8,4331.48,52.1,계절 고객,0,0,안전 고객,8/22/2025,정상 주기
18251,일반 고객,87,1,4314.72,,일회성 고객,0,0,안전 고객,,예측 불가
12347,활성 고객,2,7,4310,60.8,계절 고객,0,0,안전 고객,9/5/2025,정상 주기
17937,활성 고객,8,7,4301.22,59,계절 고객,0,0,안전 고객,8/28/2025,정상 주기
12714,활성 고객,9,5,4294.86,71.3,계절 고객,0,0,안전 고객,9/8/2025,정상 주기
14016,고가치 휴면 고객,161,4,4291.21,65.3,계절 고객,0,0,안전 고객,4/3/2025,재방문 지연
12536,신규 고객,59,1,4279.71,,일회성 고객,0,0,안전 고객,,예측 불가
15034,활성 고객,15,8,4274.16,56.3,계절 고객,0,0,안전 고객,8/18/2025,정상 주기
14422,활성 고객,0,6,4263.64,53.4,계절 고객,0,0,안전 고객,8/30/2025,정상 주기
17419,VIP 고객,11,12,4226.57,35.6,계절 고객,0,0,안전 고객,8/2/2025,정상 주기
14525,활성 고객,19,9,4215.9,42.8,계절 고객,0,0,안전 고객,8/1/2025,정상 주기
15804,VIP 고객,0,13,4206.39,16.5,월간 고객,0,0,안전 고객,7/25/2025,정상 주기
12747,VIP 고객,2,11,4196.01,36.7,계절 고객,0,0,안전 고객,8/12/2025,정상 주기
15971,VIP 고객,17,12,4194.9,29.4,월간 고객,0,0,안전 고객,7/20/2025,정상 주기
14146,활성 고객,8,5,4191,116.3,비정기 고객,0,0,안전 고객,10/24/2025,정상 주기
12757,활성 고객,15,9,4176.75,28,월간 고객,0,0,안전 고객,7/21/2025,정상 주기
12949,활성 고객,30,8,4167.22,55.5,계절 고객,0,0,안전 고객,8/3/2025,정상 주기
14277,신규 고객,15,3,4152,98.5,비정기 고객,0,0,안전 고객,9/30/2025,정상 주기
13384,활성 고객,30,7,4151.93,29.6,월간 고객,0,0,안전 고객,7/8/2025,재방문 예상
15570,VIP 고객,7,12,4148.82,32.9,계절 고객,0,0,안전 고객,8/3/2025,정상 주기
13988,활성 고객,19,6,4147.96,47,계절 고객,0,0,안전 고객,8/5/2025,정상 주기
16592,VIP 고객,4,16,4113.68,35.4,계절 고객,0,0,안전 고객,8/8/2025,정상 주기
17920,VIP 고객,4,17,4107.6,23.1,월간 고객,0,0,안전 고객,7/27/2025,정상 주기
13555,잠재 고객,73,4,4098.88,128,비정기 고객,0,0,안전 고객,9/1/2025,정상 주기
16401,VIP 고객,1,12,4098.32,29.6,월간 고객,0,0,안전 고객,8/6/2025,정상 주기
18041,VIP 고객,11,21,4097.37,19,월간 고객,0,0,안전 고객,7/16/2025,정상 주기
16670,VIP 고객,16,11,4095.9,38,계절 고객,0,0,안전 고객,7/30/2025,정상 주기
12444,활성 고객,21,5,4085.46,37.5,계절 고객,0,0,안전 고객,7/25/2025,정상 주기
12627,활성 고객,10,6,4082.53,26,월간 고객,0,0,안전 고객,7/24/2025,정상 주기
14092,VIP 고객,7,14,4076.91,31.9,계절 고객,0,0,안전 고객,8/2/2025,정상 주기
17377,VIP 고객,23,20,4058.32,18.4,월간 고객,0,0,안전 고객,7/3/2025,재방문 예상
12500,VIP 고객,23,10,4056.82,34.4,계절 고객,0,0,안전 고객,7/19/2025,정상 주기
14401,VIP 고객,4,13,4051.48,29.6,월간 고객,0,0,안전 고객,8/3/2025,정상 주기
12749,활성 고객,3,5,4040.88,70,계절 고객,0,0,안전 고객,9/13/2025,정상 주기
16549,VIP 고객,10,10,4034.9,46.3,계절 고객,0,0,안전 고객,8/13/2025,정상 주기
15514,VIP 고객,12,11,4023.72,50.3,계절 고객,0,0,안전 고객,8/15/2025,정상 주기
12957,활성 고객,9,8,4017.54,55,계절 고객,0,0,안전 고객,8/23/2025,정상 주기
12867,활성 고객,26,7,4009.34,55.7,계절 고객,0,0,안전 고객,8/7/2025,정상 주기
12378,고가치 휴면 고객,129,1,4008.62,,일회성 고객,0,0,안전 고객,,예측 불가
16186,VIP 고객,22,12,4006.94,38.9,계절 고객,0,0,안전 고객,7/25/2025,정상 주기
12841,VIP 고객,4,25,3991.58,16,월간 고객,0,0,안전 고객,7/20/2025,정상 주기
17001,VIP 고객,0,11,3989.57,35.8,계절 고객,0,0,안전 고객,8/13/2025,정상 주기
15416,잠재 고객,64,4,3984.32,72.7,계절 고객,0,0,안전 고객,7/17/2025,정상 주기
12779,활성 고객,37,8,3981.36,47.7,계절 고객,0,0,안전 고객,7/19/2025,정상 주기
14547,활성 고객,3,8,3974.75,7.3,월간 고객,0,0,안전 고객,7/12/2025,정상 주기
14299,활성 고객,8,9,3965.62,44.6,계절 고객,0,0,안전 고객,8/14/2025,정상 주기
13523,활성 고객,33,5,3964.88,111,비정기 고객,0,0,안전 고객,9/24/2025,정상 주기
17611,VIP 고객,7,15,3961.12,27.2,월간 고객,0,0,안전 고객,7/28/2025,정상 주기
15529,VIP 고객,22,11,3960.05,34.4,계절 고객,0,0,안전 고객,7/20/2025,정상 주기
13183,활성 고객,7,9,3957.78,40.9,계절 고객,0,0,안전 고객,8/11/2025,정상 주기
17769,VIP 고객,12,10,3957.43,34.2,계절 고객,0,0,안전 고객,7/30/2025,정상 주기
12524,활성 고객,9,8,3945.72,46.3,계절 고객,0,0,안전 고객,8/14/2025,정상 주기
17651,VIP 고객,11,10,3945,20.8,월간 고객,0,0,안전 고객,7/18/2025,정상 주기
12484,신규 고객,35,4,3939.32,100.3,비정기 고객,0,0,안전 고객,9/11/2025,정상 주기
12712,VIP 고객,28,13,3928.13,28.6,월간 고객,0,0,안전 고객,7/9/2025,정상 주기
17593,활성 고객,3,5,3923.86,87.3,계절 고객,0,0,안전 고객,9/30/2025,정상 주기
15299,잠재 고객,67,6,3907.01,152.5,비정기 고객,0,0,안전 고객,10/2/2025,정상 주기
14739,활성 고객,4,7,3902.28,60.5,계절 고객,0,0,안전 고객,9/3/2025,정상 주기
13999,VIP 고객,10,12,3901.81,31.9,계절 고객,0,0,안전 고객,7/30/2025,정상 주기
14291,VIP 고객,1,11,3883.25,45.7,계절 고객,0,0,안전 고객,8/22/2025,정상 주기
15195,신규 고객,2,1,3861,,일회성 고객,0,0,안전 고객,,예측 불가
16717,활성 고객,23,6,3843.08,68.6,계절 고객,0,0,안전 고객,8/23/2025,정상 주기
13266,VIP 고객,11,12,3834.26,22.3,월간 고객,0,0,안전 고객,7/19/2025,정상 주기
17091,활성 고객,2,9,3827.76,60.8,계절 고객,0,0,안전 고객,9/5/2025,정상 주기
12755,고가치 휴면 고객,280,2,3811.95,85,계절 고객,0,0,안전 고객,12/25/2024,재방문 지연
13435,활성 고객,5,7,3809.89,30.7,계절 고객,0,0,안전 고객,8/3/2025,정상 주기
15867,VIP 고객,5,15,3803.6,26,월간 고객,0,0,안전 고객,7/29/2025,정상 주기
18073,잠재 고객,114,12,3799.82,9.2,월간 고객,0,0,안전 고객,3/25/2025,재방문 지연
16145,VIP 고객,8,11,3799.49,35.1,계절 고객,0,0,안전 고객,8/4/2025,정상 주기
16327,활성 고객,14,6,3789.67,71,계절 고객,0,0,안전 고객,9/3/2025,정상 주기
16655,활성 고객,17,6,3789.52,62.8,계절 고객,0,0,안전 고객,8/23/2025,정상 주기
16168,VIP 고객,10,27,3787.6,15,월간 고객,0,0,안전 고객,7/13/2025,정상 주기
16019,활성 고객,46,9,3786.24,39.8,계절 고객,0,0,안전 고객,7/2/2025,재방문 예상
17173,활성 고객,5,8,3766.6,21,월간 고객,0,0,안전 고객,7/24/2025,정상 주기
13124,잠재 고객,89,3,3756.33,135,비정기 고객,0,0,안전 고객,8/23/2025,정상 주기
14145,신규 고객,46,4,3742.2,57,계절 고객,0,0,안전 고객,7/19/2025,정상 주기
13552,잠재 고객,66,12,3740.07,35.6,계절 고객,0,0,안전 고객,6/8/2025,재방문 지연
16570,VIP 고객,15,10,3738.4,37,계절 고객,0,0,안전 고객,7/30/2025,정상 주기
13680,신규 고객,1,4,3719.12,112.7,비정기 고객,0,0,안전 고객,10/28/2025,정상 주기
17238,VIP 고객,2,17,3719.1,26.4,월간 고객,0,0,안전 고객,8/1/2025,정상 주기
16240,신규 고객,24,2,3718.8,53,계절 고객,0,0,안전 고객,8/6/2025,정상 주기
14364,잠재 고객,108,8,3717.35,17.2,월간 고객,0,0,안전 고객,4/8/2025,재방문 지연
15845,활성 고객,17,8,3711.77,45.7,계절 고객,0,0,안전 고객,8/6/2025,정상 주기
15622,활성 고객,43,9,3709.56,59.8,계절 고객,0,0,안전 고객,7/25/2025,정상 주기
17819,잠재 고객,71,7,3704.87,50,계절 고객,0,0,안전 고객,6/17/2025,재방문 예상
15379,일반 고객,169,7,3703.29,31.5,계절 고객,0,0,안전 고객,2/20/2025,재방문 지연
14282,VIP 고객,3,15,3701.44,26,월간 고객,0,0,안전 고객,7/31/2025,정상 주기
16253,잠재 고객,66,2,3683.86,189,비정기 고객,0,0,안전 고객,11/8/2025,정상 주기
13148,VIP 고객,29,12,3683.26,55.8,계절 고객,0,0,안전 고객,8/4/2025,정상 주기
15296,활성 고객,50,6,3672.86,55.2,계절 고객,0,0,안전 고객,7/13/2025,정상 주기
13815,신규 고객,22,4,3667.36,98.7,비정기 고객,0,0,안전 고객,9/23/2025,정상 주기
15808,고가치 휴면 고객,306,4,3651.27,21,월간 고객,0,0,안전 고객,9/26/2024,재방문 지연
13426,VIP 고객,0,10,3641.32,39.9,계절 고객,0,0,안전 고객,8/17/2025,정상 주기
16440,활성 고객,7,5,3640.67,51.8,계절 고객,0,0,안전 고객,8/22/2025,정상 주기
13381,활성 고객,31,6,3639.31,53.4,계절 고객,0,0,안전 고객,7/30/2025,정상 주기
17230,일반 고객,264,8,3638.41,31.7,계절 고객,0,0,안전 고객,11/18/2024,재방문 지연
16904,VIP 고객,4,15,3634.95,27.9,월간 고객,0,0,안전 고객,8/1/2025,정상 주기
13505,잠재 고객,72,4,3633.63,53.3,계절 고객,0,0,안전 고객,6/19/2025,재방문 예상
17528,활성 고객,1,8,3628.5,11.7,월간 고객,0,0,안전 고객,7/19/2025,정상 주기
13327,활성 고객,38,8,3627.77,54.5,계절 고객,0,0,안전 고객,7/25/2025,정상 주기
12656,활성 고객,17,5,3619.17,54,계절 고객,0,0,안전 고객,8/14/2025,정상 주기
13082,일반 고객,126,9,3613.63,35.3,계절 고객,0,0,안전 고객,4/8/2025,재방문 지연
18079,신규 고객,45,4,3613.15,96.5,비정기 고객,0,0,안전 고객,8/29/2025,정상 주기
15505,활성 고객,52,5,3610.96,25.8,월간 고객,0,0,안전 고객,6/12/2025,재방문 지연
16712,VIP 고객,9,11,3603.66,33.4,계절 고객,0,0,안전 고객,8/1/2025,정상 주기
13137,활성 고객,10,8,3603.29,42.6,계절 고객,0,0,안전 고객,8/10/2025,정상 주기
12449,신규 고객,22,4,3596.29,55,계절 고객,0,0,안전 고객,8/10/2025,정상 주기
15484,신규 고객,1,4,3590.41,25.7,월간 고객,0,0,안전 고객,8/2/2025,정상 주기
14132,VIP 고객,2,11,3586.03,18.1,월간 고객,0,0,안전 고객,7/24/2025,정상 주기
16242,활성 고객,8,7,3579.86,44.8,계절 고객,0,0,안전 고객,8/14/2025,정상 주기
17576,VIP 고객,8,19,3564.83,21,월간 고객,0,0,안전 고객,7/21/2025,정상 주기
14040,VIP 고객,40,12,3560.32,29.1,월간 고객,0,0,안전 고객,6/27/2025,재방문 예상
14543,VIP 고객,28,16,3560.08,24,월간 고객,0,0,안전 고객,7/4/2025,재방문 예상
17203,활성 고객,35,6,3560.08,12.5,월간 고객,0,0,안전 고객,6/15/2025,재방문 지연
17491,VIP 고객,1,10,3558.87,40.7,계절 고객,0,0,안전 고객,8/17/2025,정상 주기
15544,활성 고객,9,9,3546.71,45.4,계절 고객,0,0,안전 고객,8/13/2025,정상 주기
12662,VIP 고객,0,11,3543.78,41.4,계절 고객,0,0,안전 고객,8/18/2025,정상 주기
14503,활성 고객,3,6,3543.26,35,계절 고객,0,0,안전 고객,8/9/2025,정상 주기
13448,활성 고객,16,6,3534.69,89.3,계절 고객,0,0,안전 고객,9/19/2025,정상 주기
12454,신규 고객,56,1,3528.34,,일회성 고객,0,0,안전 고객,,예측 불가
13953,활성 고객,7,7,3515.68,57.5,계절 고객,0,0,안전 고객,8/28/2025,정상 주기
15113,신규 고객,9,3,3509.04,22.5,월간 고객,0,0,안전 고객,7/22/2025,정상 주기
16131,활성 고객,51,6,3506.54,62.7,계절 고객,0,0,안전 고객,7/20/2025,정상 주기
13334,잠재 고객,82,3,3502.32,111.5,비정기 고객,0,0,안전 고객,8/7/2025,정상 주기
14907,활성 고객,3,7,3501.1,72.8,계절 고객,0,0,안전 고객,9/16/2025,정상 주기
17160,활성 고객,31,6,3488.03,42,계절 고객,0,0,안전 고객,7/19/2025,정상 주기
16458,VIP 고객,2,18,3482.74,21.1,월간 고객,0,0,안전 고객,7/27/2025,정상 주기
14395,활성 고객,2,9,3479.91,46.3,계절 고객,0,0,안전 고객,8/21/2025,정상 주기
13014,VIP 고객,10,10,3466.28,30.1,계절 고객,0,0,안전 고객,7/28/2025,정상 주기
13993,활성 고객,42,9,3451.36,36,계절 고객,0,0,안전 고객,7/2/2025,재방문 예상
15410,잠재 고객,84,8,3450.84,25.3,월간 고객,0,0,안전 고객,5/10/2025,재방문 지연
16360,활성 고객,4,6,3450.41,16.8,월간 고객,0,0,안전 고객,7/21/2025,정상 주기
15129,VIP 고객,50,11,3447.4,26.8,월간 고객,0,0,안전 고객,6/15/2025,재방문 지연
13536,활성 고객,1,7,3444.39,12.3,월간 고객,0,0,안전 고객,7/19/2025,정상 주기
15974,활성 고객,39,7,3442.15,41.5,계절 고객,0,0,안전 고객,7/11/2025,정상 주기
12727,활성 고객,10,7,3440.7,62,계절 고객,0,0,안전 고객,8/29/2025,정상 주기
17725,VIP 고객,16,11,3439.08,25.1,월간 고객,0,0,안전 고객,7/17/2025,정상 주기
14221,활성 고객,42,9,3432.8,49.5,계절 고객,0,0,안전 고객,7/16/2025,정상 주기
12370,신규 고객,51,4,3421.94,103,비정기 고객,0,0,안전 고객,8/29/2025,정상 주기
15676,신규 고객,18,3,3420.76,132.5,비정기 고객,0,0,안전 고객,10/31/2025,정상 주기
12406,신규 고객,22,2,3415.3,161,비정기 고객,0,0,안전 고객,11/24/2025,정상 주기
15981,활성 고객,24,8,3408.48,41,계절 고객,0,0,안전 고객,7/25/2025,정상 주기
17758,활성 고객,19,8,3408.2,46.2,계절 고객,0,0,안전 고객,8/4/2025,정상 주기
13437,활성 고객,14,7,3408.06,29.3,월간 고객,0,0,안전 고객,7/23/2025,정상 주기
17669,활성 고객,42,7,3406.72,34.5,계절 고객,0,0,안전 고객,6/30/2025,재방문 예상
13198,활성 고객,10,6,3401.24,70.2,계절 고객,0,0,안전 고객,9/6/2025,정상 주기
12429,신규 고객,9,4,3388.4,118.7,비정기 고객,0,0,안전 고객,10/26/2025,정상 주기
15228,잠재 고객,66,4,3386.71,76,계절 고객,0,0,안전 고객,7/18/2025,정상 주기
12562,활성 고객,8,7,3385.74,31.7,계절 고객,0,0,안전 고객,8/1/2025,정상 주기
13842,활성 고객,58,9,3385.62,38.5,계절 고객,0,0,안전 고객,6/18/2025,재방문 지연
16011,VIP 고객,8,16,3352.96,23.9,월간 고객,0,0,안전 고객,7/24/2025,정상 주기
14227,VIP 고객,26,10,3350.96,51.6,계절 고객,0,0,안전 고객,8/3/2025,정상 주기
16818,VIP 고객,10,11,3349.57,19.5,월간 고객,0,0,안전 고객,7/18/2025,정상 주기
16607,VIP 고객,17,14,3347.71,26.2,월간 고객,0,0,안전 고객,7/17/2025,정상 주기
17183,활성 고객,7,6,3347.31,19.6,월간 고객,0,0,안전 고객,7/21/2025,정상 주기
13015,활성 고객,53,5,3339.64,65.3,계절 고객,0,0,안전 고객,7/20/2025,정상 주기
16556,잠재 고객,66,7,3313.79,49,계절 고객,0,0,안전 고객,6/21/2025,재방문 예상
13373,신규 고객,60,3,3312.25,108,비정기 고객,0,0,안전 고객,8/25/2025,정상 주기
14841,활성 고객,53,6,3295.76,61,계절 고객,0,0,안전 고객,7/16/2025,정상 주기
15632,활성 고객,15,8,3285.31,37,계절 고객,0,0,안전 고객,7/30/2025,정상 주기
15764,잠재 고객,88,6,3279.97,62.7,계절 고객,0,0,안전 고객,6/13/2025,재방문 예상
12553,VIP 고객,8,10,3278.28,35.7,계절 고객,0,0,안전 고객,8/5/2025,정상 주기
17723,일반 고객,127,6,3276.4,17.4,월간 고객,0,0,안전 고객,3/20/2025,재방문 지연
14702,VIP 고객,1,17,3251.79,22.8,월간 고객,0,0,안전 고객,7/30/2025,정상 주기
13952,고가치 휴면 고객,217,2,3251.07,21,월간 고객,0,0,안전 고객,12/24/2024,재방문 지연
15708,활성 고객,40,7,3235.25,54.8,계절 고객,0,0,안전 고객,7/23/2025,정상 주기
13047,활성 고객,56,9,3232.59,52.8,계절 고객,0,0,안전 고객,7/5/2025,재방문 예상
12417,활성 고객,3,9,3226.1,44.3,계절 고객,0,0,안전 고객,8/18/2025,정상 주기
14175,신규 고객,59,3,3222.3,135,비정기 고객,0,0,안전 고객,9/22/2025,정상 주기
13880,VIP 고객,21,13,3219.77,38.4,계절 고객,0,0,안전 고객,7/25/2025,정상 주기
15443,활성 고객,1,7,3213.59,53.2,계절 고객,0,0,안전 고객,8/29/2025,정상 주기
14388,활성 고객,10,8,3212.84,51.7,계절 고객,0,0,안전 고객,8/19/2025,정상 주기
12594,활성 고객,37,9,3208.22,35.6,계절 고객,0,0,안전 고객,7/7/2025,재방문 예상
16107,활성 고객,17,7,3204.16,27.7,월간 고객,0,0,안전 고객,7/19/2025,정상 주기
18087,고가치 휴면 고객,290,1,3202.92,,일회성 고객,0,0,안전 고객,,예측 불가
12597,신규 고객,19,4,3195.22,83,계절 고객,0,0,안전 고객,9/10/2025,정상 주기
13868,신규 고객,7,2,3192.54,31,계절 고객,0,0,안전 고객,8/1/2025,정상 주기
13758,활성 고객,11,7,3190.55,60.3,계절 고객,0,0,안전 고객,8/26/2025,정상 주기
14844,잠재 고객,63,4,3189.81,59.3,계절 고객,0,0,안전 고객,7/4/2025,재방문 예상