CustomerID,frequency,item_cnt,recency,monetary,user_average,unique_products,avg_revisit_days,purchase_intervals_count,min_revisit_days,max_revisit_days,stddev_revisit_days,revisit_pattern,cancel_frequency,cancel_rate,total_cancelled_quantity,total_cancelled_amount,cancel_behavior_type,R_score,F_score,M_score,RFM_code,customer_segment,product_diversity_index,avg_quantity_per_product,predicted_next_purchase_date,revisit_status,risk_level,customer_value_tier
18102,60,61724,4961,256424.5,4273.7,144,14.7,25,1,60,13.1,월간 고객,0,0,0,0,취소 없음,1,5,5,155,휴면 우수 고객,2.4,428.6,12/24/2011,재방문 지연,안전 고객,최고가치 고객
16011,16,1975,4969,3200,200,97,23.9,15,4,51,13.8,월간 고객,0,0,0,0,취소 없음,1,4,5,145,휴면 우수 고객,6.06,20.4,12/25/2011,재방문 지연,안전 고객,최고가치 고객
17690,15,1751,4991,4704.3,313.6,185,26.4,13,1,85,25.7,월간 고객,2,0.79,6,9.5,저빈도 취소,1,4,5,145,휴면 우수 고객,12.33,9.5,12/5/2011,재방문 지연,안전 고객,최고가치 고객
16839,34,8879,4969,16188.7,476.1,112,11.6,31,1,39,7.9,월간 고객,30,10.27,486,1157.37,고빈도 취소,1,5,5,155,휴면 우수 고객,3.29,79.3,12/13/2011,재방문 지연,저위험 고객,최고가치 고객
13089,97,31015,4963,58727,605.4,634,5.6,65,1,20,4.4,주간 고객,39,2.11,283,1439.95,고빈도 취소,1,5,5,155,휴면 우수 고객,6.54,48.9,12/13/2011,재방문 지연,안전 고객,최고가치 고객
13101,1,113,5195,101.2,101.2,8,,0,,,,일회성 고객,0,0,0,0,취소 없음,1,1,1,111,일반 고객,8,14.1,,예측 불가,안전 고객,중가치 고객
17233,1,131,4996,190.9,190.9,25,,0,,,,일회성 고객,0,0,0,0,취소 없음,1,1,1,111,일반 고객,25,5.2,,예측 불가,안전 고객,중가치 고객
13986,1,430,4978,320.5,320.5,12,,0,,,,일회성 고객,0,0,0,0,취소 없음,1,1,2,112,일반 고객,12,35.8,,예측 불가,안전 고객,중가치 고객
14935,1,935,5258,1784.7,1784.7,10,,0,,,,일회성 고객,0,0,0,0,취소 없음,1,1,4,114,고가치 휴면 고객,10,93.5,,예측 불가,안전 고객,중가치 고객
16468,1,31,5035,74.9,74.9,2,,0,,,,일회성 고객,0,0,0,0,취소 없음,1,1,1,111,일반 고객,2,15.5,,예측 불가,안전 고객,저가치 고객
16451,1,120,5048,267,267,14,,0,,,,일회성 고객,0,0,0,0,취소 없음,1,1,2,112,일반 고객,14,8.6,,예측 불가,안전 고객,중가치 고객
16315,1,75,5291,226.4,226.4,14,,0,,,,일회성 고객,0,0,0,0,취소 없음,1,1,2,112,일반 고객,14,5.4,,예측 불가,안전 고객,중가치 고객
16971,1,72,4999,357.2,357.2,40,,0,,,,일회성 고객,0,0,0,0,취소 없음,1,1,2,112,일반 고객,40,1.8,,예측 불가,안전 고객,중가치 고객
13485,1,277,5194,454.2,454.2,23,,0,,,,일회성 고객,0,0,0,0,취소 없음,1,1,2,112,일반 고객,23,12,,예측 불가,안전 고객,중가치 고객
13833,1,117,5120,383.8,383.8,28,,0,,,,일회성 고객,0,0,0,0,취소 없음,1,1,2,112,일반 고객,28,4.2,,예측 불가,안전 고객,중가치 고객
13878,1,463,5015,1271.6,1271.6,35,,0,,,,일회성 고객,0,0,0,0,취소 없음,1,1,4,114,고가치 휴면 고객,35,13.2,,예측 불가,안전 고객,중가치 고객
15041,1,101,5131,174.8,174.8,65,,0,,,,일회성 고객,0,0,0,0,취소 없음,1,1,1,111,일반 고객,65,1.6,,예측 불가,안전 고객,중가치 고객
15709,1,121,5244,133.3,133.3,6,,0,,,,일회성 고객,0,0,0,0,취소 없음,1,1,1,111,일반 고객,6,20.2,,예측 불가,안전 고객,중가치 고객
13561,1,83,5176,141.9,141.9,14,,0,,,,일회성 고객,0,0,0,0,취소 없음,1,1,1,111,일반 고객,14,5.9,,예측 불가,안전 고객,중가치 고객
16450,1,200,5110,311.9,311.9,11,,0,,,,일회성 고객,0,0,0,0,취소 없음,1,1,2,112,일반 고객,11,18.2,,예측 불가,안전 고객,중가치 고객
15576,1,394,4998,921.4,921.4,43,,0,,,,일회성 고객,0,0,0,0,취소 없음,1,1,3,113,일반 고객,43,9.2,,예측 불가,안전 고객,중가치 고객
12441,1,120,5327,155.6,155.6,10,,0,,,,일회성 고객,0,0,0,0,취소 없음,1,1,1,111,일반 고객,10,12,,예측 불가,안전 고객,중가치 고객
15886,1,147,5021,181.1,181.1,12,,0,,,,일회성 고객,0,0,0,0,취소 없음,1,1,1,111,일반 고객,12,12.3,,예측 불가,안전 고객,중가치 고객
17267,2,158,5088,317.2,158.6,37,,0,,,,일회성 고객,0,0,0,0,취소 없음,1,2,2,122,일반 고객,18.5,4.3,,예측 불가,안전 고객,중가치 고객
12764,1,380,5277,1681.3,1681.3,44,,0,,,,일회성 고객,0,0,0,0,취소 없음,1,1,4,114,고가치 휴면 고객,44,8.6,,예측 불가,안전 고객,중가치 고객
12831,1,135,5223,215,215,9,,0,,,,일회성 고객,0,0,0,0,취소 없음,1,1,2,112,일반 고객,9,15,,예측 불가,안전 고객,중가치 고객
18222,1,335,5053,443,443,19,,0,,,,일회성 고객,0,0,0,0,취소 없음,1,1,2,112,일반 고객,19,17.6,,예측 불가,안전 고객,중가치 고객
13581,1,30,5270,118,118,10,,0,,,,일회성 고객,0,0,0,0,취소 없음,1,1,1,111,일반 고객,10,3,,예측 불가,안전 고객,중가치 고객
17176,1,164,5162,290.8,290.8,14,,0,,,,일회성 고객,0,0,0,0,취소 없음,1,1,2,112,일반 고객,14,11.7,,예측 불가,안전 고객,중가치 고객
17942,1,38,4968,77.5,77.5,2,,0,,,,일회성 고객,0,0,0,0,취소 없음,1,1,1,111,일반 고객,2,19,,예측 불가,안전 고객,저가치 고객
18224,1,69,5224,158.9,158.9,10,,0,,,,일회성 고객,0,0,0,0,취소 없음,1,1,1,111,일반 고객,10,6.9,,예측 불가,안전 고객,중가치 고객
15746,1,178,5095,196.9,196.9,28,,0,,,,일회성 고객,1,3.45,48,13.92,저빈도 취소,1,1,1,111,일반 고객,28,6.4,,예측 불가,안전 고객,중가치 고객
13466,1,235,5145,246.7,246.7,13,,0,,,,일회성 고객,1,7.14,1,9.95,저빈도 취소,1,1,2,112,일반 고객,13,18.1,,예측 불가,저위험 고객,중가치 고객
16297,1,206,5229,301.9,301.9,20,,0,,,,일회성 고객,2,9.09,25,23.35,저빈도 취소,1,1,2,112,일반 고객,20,10.3,,예측 불가,저위험 고객,중가치 고객
15221,1,43,5327,403.3,403.3,5,,0,,,,일회성 고객,6,54.55,18,289.15,고빈도 취소,1,1,2,112,일반 고객,5,8.6,,예측 불가,고위험 고객,중가치 고객
12558,1,196,4968,270,270,11,,0,,,,일회성 고객,11,50,196,269.96,고빈도 취소,1,1,2,112,일반 고객,11,17.8,,예측 불가,고위험 고객,중가치 고객
16824,2,234,4976,444.1,222.1,22,149,1,149,149,,비정기 고객,0,0,0,0,취소 없음,1,2,2,122,일반 고객,11,10.6,4/21/2012,재방문 지연,안전 고객,중가치 고객
13799,2,402,5077,688.9,344.4,32,178,1,178,178,,비정기 고객,0,0,0,0,취소 없음,1,2,3,123,일반 고객,16,12.6,2/9/2012,재방문 지연,안전 고객,중가치 고객
13023,2,280,5025,599.9,299.9,35,65,1,65,65,,계절 고객,0,0,0,0,취소 없음,1,2,3,123,일반 고객,17.5,8,12/10/2011,재방문 지연,안전 고객,중가치 고객
17409,2,101,5145,752,376,12,64,1,64,64,,계절 고객,0,0,0,0,취소 없음,1,2,3,123,일반 고객,6,8.4,8/11/2011,재방문 지연,안전 고객,중가치 고객
17466,2,302,4971,743.5,371.8,40,68,1,68,68,,계절 고객,0,0,0,0,취소 없음,1,2,3,123,일반 고객,20,7.5,2/5/2012,재방문 지연,안전 고객,중가치 고객
17771,2,283,5017,245.3,122.7,50,267,1,267,267,,비정기 고객,0,0,0,0,취소 없음,1,2,2,122,일반 고객,25,5.7,7/7/2012,재방문 지연,안전 고객,중가치 고객
15512,2,68,5116,121,60.5,7,204,1,204,204,,비정기 고객,0,0,0,0,취소 없음,1,2,1,121,일반 고객,3.5,9.7,1/27/2012,재방문 지연,안전 고객,중가치 고객
16367,2,643,4998,800.7,400.4,123,325,1,325,325,,비정기 고객,0,0,0,0,취소 없음,1,2,3,123,일반 고객,61.5,5.2,9/22/2012,재방문 지연,안전 고객,중가치 고객
15123,2,1147,4968,2076.9,1038.5,87,199,1,199,199,,비정기 고객,0,0,0,0,취소 없음,1,2,5,125,고가치 휴면 고객,43.5,13.2,6/18/2012,재방문 지연,안전 고객,중가치 고객
17339,2,152,5055,243.4,121.7,9,271,1,271,271,,비정기 고객,0,0,0,0,취소 없음,1,2,2,122,일반 고객,4.5,16.9,6/3/2012,재방문 지연,안전 고객,중가치 고객
16692,2,151,5217,1126,563,1,33,1,33,33,,계절 고객,0,0,0,0,취소 없음,1,2,4,124,고가치 휴면 고객,0.5,151,4/30/2011,재방문 지연,안전 고객,중가치 고객
17341,3,437,5117,667,222.3,145,210,1,210,210,,비정기 고객,0,0,0,0,취소 없음,1,2,3,123,일반 고객,48.33,3,2/1/2012,재방문 지연,안전 고객,중가치 고객
12596,2,468,5012,450.3,225.2,24,191,1,191,191,,비정기 고객,0,0,0,0,취소 없음,1,2,2,122,일반 고객,12,19.5,4/27/2012,재방문 지연,안전 고객,중가치 고객
18189,2,554,5038,1075.2,537.6,64,190,1,190,190,,비정기 고객,1,1.47,2,5.9,저빈도 취소,1,2,4,124,고가치 휴면 고객,32,8.7,3/31/2012,재방문 지연,안전 고객,중가치 고객
12572,2,446,4969,912.4,456.2,52,43,1,43,43,,계절 고객,2,3.33,2,15.7,저빈도 취소,1,2,3,123,일반 고객,26,8.6,1/13/2012,재방문 지연,안전 고객,중가치 고객
13791,2,1200,5088,1516,758,7,41,1,41,41,,계절 고객,6,35.29,372,468.32,고빈도 취소,1,2,4,124,고가치 휴면 고객,3.5,171.4,9/14/2011,재방문 지연,고위험 고객,중가치 고객
17420,3,265,5011,598.8,199.6,28,161.5,2,121,202,57.3,비정기 고객,0,0,0,0,취소 없음,1,2,3,123,일반 고객,9.33,9.5,3/29/2012,재방문 지연,안전 고객,중가치 고객
15111,3,704,4990,1552.2,517.4,69,171.5,2,37,306,190.2,비정기 고객,0,0,0,0,취소 없음,1,2,4,124,고가치 휴면 고객,23,10.2,4/29/2012,재방문 지연,안전 고객,중가치 고객
13077,4,862,4962,728,182,99,182.5,2,76,289,150.6,비정기 고객,0,0,0,0,취소 없음,1,2,3,123,일반 고객,24.75,8.7,6/7/2012,재방문 지연,안전 고객,중가치 고객
17827,5,1240,4966,1987.3,397.5,190,179.5,2,122,237,81.3,비정기 고객,0,0,0,0,취소 없음,1,3,4,134,일반 고객,38,6.5,5/31/2012,재방문 지연,안전 고객,고가치 고객
14514,3,559,5022,948.9,316.3,63,135,2,130,140,7.1,비정기 고객,0,0,0,0,취소 없음,1,2,3,123,일반 고객,21,8.9,2/21/2012,재방문 지연,안전 고객,중가치 고객
16866,3,60,5101,207.7,69.2,10,10.5,2,9,12,2.1,월간 고객,0,0,0,0,취소 없음,1,2,2,122,일반 고객,3.33,6,8/1/2011,재방문 지연,안전 고객,중가치 고객
14618,3,262,4970,523.4,174.5,9,164,2,1,327,230.5,비정기 고객,1,6.67,3,14.85,저빈도 취소,1,2,3,123,일반 고객,3,29.1,5/12/2012,재방문 지연,저위험 고객,중가치 고객
14176,4,209,5258,576.9,144.2,28,35,2,29,41,8.5,계절 고객,1,3.13,2,2.9,저빈도 취소,1,2,3,123,일반 고객,7,7.5,3/22/2011,재방문 지연,안전 고객,중가치 고객
16038,3,244,4968,471.8,157.3,24,97,2,24,170,103.2,비정기 고객,2,7.14,3,17.45,저빈도 취소,1,2,2,122,일반 고객,8,10.2,3/8/2012,재방문 지연,저위험 고객,중가치 고객
16768,3,196,5008,478.1,159.4,47,112,2,56,168,79.2,비정기 고객,4,6.9,5,20.05,중빈도 취소,1,2,2,122,일반 고객,15.67,4.2,2/12/2012,재방문 지연,저위험 고객,중가치 고객
16303,3,2659,4986,5360.6,1786.9,119,154,2,90,218,90.5,비정기 고객,5,2.99,38,54.8,중빈도 취소,1,2,5,125,고가치 휴면 고객,39.67,22.3,4/16/2012,재방문 지연,안전 고객,중가치 고객
14216,4,593,4964,1824.3,456.1,46,11.3,3,5,21,8.5,월간 고객,0,0,0,0,취소 없음,1,2,4,124,고가치 휴면 고객,11.5,12.9,12/17/2011,재방문 지연,안전 고객,중가치 고객
16806,4,343,5064,705.6,176.4,65,45.3,3,19,66,24,계절 고객,0,0,0,0,취소 없음,1,2,3,123,일반 고객,16.25,5.3,10/12/2011,재방문 지연,안전 고객,중가치 고객
14692,4,265,5098,591.6,147.9,53,61.7,3,23,98,37.6,계절 고객,1,1.45,10,9.5,저빈도 취소,1,2,3,123,일반 고객,13.25,5,9/25/2011,재방문 지연,안전 고객,중가치 고객
16271,4,1023,4976,1389.6,347.4,88,114.3,3,16,216,100,비정기 고객,1,0.77,1,5.95,저빈도 취소,1,2,4,124,고가치 휴면 고객,22,11.6,3/17/2012,재방문 지연,안전 고객,중가치 고객
13313,5,791,4983,1402.3,280.5,45,79.3,4,13,124,48.8,계절 고객,0,0,0,0,취소 없음,1,3,4,134,일반 고객,9,17.6,2/4/2012,재방문 지연,안전 고객,고가치 고객
18135,5,349,4990,681.9,136.4,11,40.3,4,2,110,49.8,계절 고객,0,0,0,0,취소 없음,1,3,3,133,일반 고객,2.2,31.7,12/20/2011,재방문 지연,안전 고객,중가치 고객
16440,5,2018,4968,3640.7,728.1,186,51.8,4,15,148,64.3,계절 고객,0,0,0,0,취소 없음,1,3,5,135,일반 고객,37.2,10.8,1/23/2012,재방문 지연,안전 고객,고가치 고객
17469,5,787,4977,1871,374.2,61,47,4,36,56,8.3,계절 고객,2,2.22,9,27.91,저빈도 취소,1,3,4,134,일반 고객,12.2,12.9,1/9/2012,재방문 지연,안전 고객,고가치 고객
14064,5,1772,4990,1334.3,266.9,59,61.3,4,21,98,35.9,계절 고객,2,2.53,438,165.42,저빈도 취소,1,3,4,134,일반 고객,11.8,30,1/10/2012,재방문 지연,안전 고객,고가치 고객
13728,6,458,4997,1016.1,169.3,38,54.8,5,27,71,16.8,계절 고객,0,0,0,0,취소 없음,1,3,4,134,일반 고객,6.33,12.1,12/28/2011,재방문 지연,안전 고객,고가치 고객
14766,6,1349,4969,2473.4,412.2,111,71.6,5,43,110,28.6,계절 고객,2,1.46,26,50.3,저빈도 취소,1,3,5,135,일반 고객,18.5,12.2,2/11/2012,재방문 지연,안전 고객,고가치 고객
17412,7,738,4963,1258.1,179.7,48,61.7,6,14,137,49.7,계절 고객,0,0,0,0,취소 없음,1,3,4,134,일반 고객,6.86,15.4,2/7/2012,재방문 지연,안전 고객,고가치 고객
17365,8,4723,4973,4726.6,590.8,275,53.3,6,30,82,22.5,계절 고객,0,0,0,0,취소 없음,1,3,5,135,일반 고객,34.38,17.2,1/19/2012,재방문 지연,안전 고객,고가치 고객
14221,9,2191,5003,3432.8,381.4,123,49.5,6,16,133,41.8,계절 고객,1,0.52,1,4.95,저빈도 취소,1,3,5,135,일반 고객,13.67,17.8,12/16/2011,재방문 지연,안전 고객,고가치 고객
12757,9,2384,4976,4169.1,463.2,234,28,7,3,78,25.6,월간 고객,1,0.28,12,15,저빈도 취소,1,3,5,135,일반 고객,26,10.2,12/22/2011,재방문 지연,안전 고객,고가치 고객
13552,12,1417,5027,3740.1,311.7,82,35.6,7,3,59,20.4,계절 고객,12,9.92,31,200.54,고빈도 취소,1,4,5,145,휴면 우수 고객,6.83,17.3,11/9/2011,재방문 지연,저위험 고객,최고가치 고객
15482,11,5003,4976,10839.8,985.4,45,49,7,1,119,52.5,계절 고객,29,23.2,2022,4486.24,고빈도 취소,1,4,5,145,휴면 우수 고객,4.09,111.2,1/12/2012,재방문 지연,중위험 고객,최고가치 고객
14878,9,799,4973,1476.1,164,62,43.3,8,7,91,27.3,계절 고객,0,0,0,0,취소 없음,1,3,4,134,일반 고객,6.89,12.9,1/9/2012,재방문 지연,안전 고객,고가치 고객
17848,9,398,5042,901.2,100.1,41,34.6,8,7,80,25.6,계절 고객,0,0,0,0,취소 없음,1,3,3,133,일반 고객,4.56,9.7,10/24/2011,재방문 지연,안전 고객,중가치 고객
17870,12,1351,4963,1865.9,155.5,214,45.5,8,12,231,75.3,계절 고객,1,0.37,1,4.95,저빈도 취소,1,4,4,144,휴면 우수 고객,17.83,6.3,1/21/2012,재방문 지연,안전 고객,고가치 고객
15356,10,1637,4992,2715.7,271.6,214,37.4,9,8,64,16.3,계절 고객,0,0,0,0,취소 없음,1,4,5,145,휴면 우수 고객,21.4,7.6,12/15/2011,재방문 지연,안전 고객,최고가치 고객
14032,11,1966,4963,2807.3,255.2,51,36.4,10,6,81,27.1,계절 고객,9,6.34,24,45.75,고빈도 취소,1,4,5,145,휴면 우수 고객,4.64,38.5,1/12/2012,재방문 지연,저위험 고객,최고가치 고객
17954,12,2221,4966,2314.1,192.8,326,33.3,11,4,63,18.3,계절 고객,4,0.83,5,37.35,중빈도 취소,1,4,5,145,휴면 우수 고객,27.17,6.8,1/6/2012,재방문 지연,안전 고객,최고가치 고객
13694,50,62928,4964,64791,1295.8,363,10.9,34,1,26,6.9,월간 고객,13,2.26,1408,2078.08,고빈도 취소,1,5,5,155,휴면 우수 고객,7.26,173.4,12/17/2011,재방문 지연,안전 고객,최고가치 고객
13603,1,164,4987,164.3,164.3,27,,0,,,,일회성 고객,0,0,0,0,취소 없음,1,1,1,111,일반 고객,27,6.1,,예측 불가,안전 고객,중가치 고객
16123,1,170,5012,307.8,307.8,16,,0,,,,일회성 고객,0,0,0,0,취소 없음,1,1,2,112,일반 고객,16,10.6,,예측 불가,안전 고객,중가치 고객
16429,1,9,5067,284.6,284.6,2,,0,,,,일회성 고객,0,0,0,0,취소 없음,1,1,2,112,일반 고객,2,4.5,,예측 불가,안전 고객,저가치 고객
16343,2,157,4977,282.7,141.3,27,,0,,,,일회성 고객,0,0,0,0,취소 없음,1,2,2,122,일반 고객,13.5,5.8,,예측 불가,안전 고객,중가치 고객
12512,2,96,5027,132.2,66.1,31,,0,,,,일회성 고객,0,0,0,0,취소 없음,1,2,1,121,일반 고객,15.5,3.1,,예측 불가,안전 고객,중가치 고객
13403,1,44,4978,75,75,3,,0,,,,일회성 고객,0,0,0,0,취소 없음,1,1,1,111,일반 고객,3,14.7,,예측 불가,안전 고객,저가치 고객
17534,1,103,5014,223.4,223.4,9,,0,,,,일회성 고객,0,0,0,0,취소 없음,1,1,2,112,일반 고객,9,11.4,,예측 불가,안전 고객,중가치 고객
16881,1,600,5027,432,432,1,,0,,,,일회성 고객,0,0,0,0,취소 없음,1,1,2,112,일반 고객,1,600,,예측 불가,안전 고객,저가치 고객
12353,1,20,5165,89,89,4,,0,,,,일회성 고객,0,0,0,0,취소 없음,1,1,1,111,일반 고객,4,5,,예측 불가,안전 고객,저가치 고객
17431,1,286,5274,388,388,40,,0,,,,일회성 고객,0,0,0,0,취소 없음,1,1,2,112,일반 고객,40,7.2,,예측 불가,안전 고객,중가치 고객
13436,1,76,4962,196.9,196.9,12,,0,,,,일회성 고객,0,0,0,0,취소 없음,1,1,1,111,일반 고객,12,6.3,,예측 불가,안전 고객,중가치 고객
16425,1,199,5263,302.7,302.7,21,,0,,,,일회성 고객,0,0,0,0,취소 없음,1,1,2,112,일반 고객,21,9.5,,예측 불가,안전 고객,중가치 고객
16483,1,44,5153,139.3,139.3,19,,0,,,,일회성 고객,0,0,0,0,취소 없음,1,1,1,111,일반 고객,19,2.3,,예측 불가,안전 고객,중가치 고객
15445,1,58,5225,113.5,113.5,5,,0,,,,일회성 고객,0,0,0,0,취소 없음,1,1,1,111,일반 고객,5,11.6,,예측 불가,안전 고객,중가치 고객
14675,1,336,4977,596.4,596.4,93,,0,,,,일회성 고객,0,0,0,0,취소 없음,1,1,3,113,일반 고객,93,3.6,,예측 불가,안전 고객,중가치 고객
16222,1,325,5279,773.5,773.5,120,,0,,,,일회성 고객,0,0,0,0,취소 없음,1,1,3,113,일반 고객,120,2.7,,예측 불가,안전 고객,중가치 고객
13712,1,346,5207,213.5,213.5,9,,0,,,,일회성 고객,0,0,0,0,취소 없음,1,1,2,112,일반 고객,9,38.4,,예측 불가,안전 고객,중가치 고객
13583,1,687,5116,737.4,737.4,50,,0,,,,일회성 고객,0,0,0,0,취소 없음,1,1,3,113,일반 고객,50,13.7,,예측 불가,안전 고객,중가치 고객
16776,1,254,5021,371.5,371.5,61,,0,,,,일회성 고객,0,0,0,0,취소 없음,1,1,2,112,일반 고객,61,4.2,,예측 불가,안전 고객,중가치 고객
15025,1,178,4994,346.7,346.7,64,,0,,,,일회성 고객,0,0,0,0,취소 없음,1,1,2,112,일반 고객,64,2.8,,예측 불가,안전 고객,중가치 고객
16400,1,172,5055,303.9,303.9,28,,0,,,,일회성 고객,0,0,0,0,취소 없음,1,1,2,112,일반 고객,28,6.1,,예측 불가,안전 고객,중가치 고객
14782,1,114,5280,200.1,200.1,6,,0,,,,일회성 고객,0,0,0,0,취소 없음,1,1,2,112,일반 고객,6,19,,예측 불가,안전 고객,중가치 고객
14598,1,181,5005,201.6,201.6,46,,0,,,,일회성 고객,0,0,0,0,취소 없음,1,1,2,112,일반 고객,46,3.9,,예측 불가,안전 고객,중가치 고객
17574,1,77,5203,185.6,185.6,8,,0,,,,일회성 고객,0,0,0,0,취소 없음,1,1,1,111,일반 고객,8,9.6,,예측 불가,안전 고객,중가치 고객
17154,1,490,5036,329.3,329.3,23,,0,,,,일회성 고객,0,0,0,0,취소 없음,1,1,2,112,일반 고객,23,21.3,,예측 불가,안전 고객,중가치 고객
16211,1,146,5049,507.4,507.4,22,,0,,,,일회성 고객,1,4.35,1,4.25,저빈도 취소,1,1,3,113,일반 고객,22,6.6,,예측 불가,안전 고객,중가치 고객
15171,1,290,5292,1289.5,1289.5,5,,0,,,,일회성 고객,2,28.57,100,255,고빈도 취소,1,1,4,114,고가치 휴면 고객,5,58,,예측 불가,중위험 고객,중가치 고객
13091,1,466,4989,345.8,345.8,21,,0,,,,일회성 고객,3,12.5,16,26,중빈도 취소,1,1,2,112,일반 고객,21,22.2,,예측 불가,저위험 고객,중가치 고객
13587,1,180,5024,712.4,712.4,8,,0,,,,일회성 고객,3,27.27,20,365.4,고빈도 취소,1,1,3,113,일반 고객,8,22.5,,예측 불가,중위험 고객,중가치 고객
15807,3,430,5011,903.9,301.3,48,27,1,27,27,,월간 고객,0,0,0,0,취소 없음,1,2,3,123,일반 고객,16,9,11/16/2011,재방문 지연,안전 고객,중가치 고객
16109,2,600,5179,601.9,300.9,17,90,1,90,90,,계절 고객,0,0,0,0,취소 없음,1,2,3,123,일반 고객,8.5,35.3,8/3/2011,재방문 지연,안전 고객,중가치 고객
15690,2,408,4965,239.8,119.9,19,96,1,96,96,,비정기 고객,0,0,0,0,취소 없음,1,2,2,122,일반 고객,9.5,21.5,3/10/2012,재방문 지연,안전 고객,중가치 고객
12592,2,288,5053,401.6,200.8,10,121,1,121,121,,비정기 고객,0,0,0,0,취소 없음,1,2,2,122,일반 고객,5,28.8,1/7/2012,재방문 지연,안전 고객,중가치 고객
17311,2,1005,5039,1384.9,692.5,55,238,1,238,238,,비정기 고객,0,0,0,0,취소 없음,1,2,4,124,고가치 휴면 고객,27.5,18.3,5/17/2012,재방문 지연,안전 고객,중가치 고객
17604,2,157,5178,278.8,139.4,55,95,1,95,95,,비정기 고객,0,0,0,0,취소 없음,1,2,2,122,일반 고객,27.5,2.9,8/9/2011,재방문 지연,안전 고객,중가치 고객
17018,2,176,5001,920.1,460.1,15,285,1,285,285,,비정기 고객,0,0,0,0,취소 없음,1,2,3,123,일반 고객,7.5,11.7,8/10/2012,재방문 지연,안전 고객,중가치 고객
12547,2,132,5158,151.8,75.9,6,83,1,83,83,,계절 고객,0,0,0,0,취소 없음,1,2,1,121,일반 고객,3,22,8/17/2011,재방문 지연,안전 고객,중가치 고객
15182,2,253,5115,622.9,311.4,24,114,1,114,114,,비정기 고객,0,0,0,0,취소 없음,1,2,3,123,일반 고객,12,10.5,10/30/2011,재방문 지연,안전 고객,중가치 고객
16411,2,131,4980,211.7,105.8,41,350,1,350,350,,비정기 고객,0,0,0,0,취소 없음,1,2,2,122,일반 고객,20.5,3.2,11/4/2012,재방문 지연,안전 고객,중가치 고객
14377,2,219,5152,617,308.5,11,71,1,71,71,,계절 고객,0,0,0,0,취소 없음,1,2,3,123,일반 고객,5.5,19.9,8/11/2011,재방문 지연,안전 고객,중가치 고객
14645,2,381,5117,597.1,298.6,28,119,1,119,119,,비정기 고객,0,0,0,0,취소 없음,1,2,3,123,일반 고객,14,13.6,11/2/2011,재방문 지연,안전 고객,중가치 고객
17468,2,116,4971,137,68.5,5,4,1,4,4,,주간 고객,0,0,0,0,취소 없음,1,2,1,121,일반 고객,2.5,23.2,12/3/2011,재방문 지연,안전 고객,중가치 고객
14265,2,330,5070,530.2,265.1,31,39,1,39,39,,계절 고객,0,0,0,0,취소 없음,1,2,3,123,일반 고객,15.5,10.6,9/30/2011,재방문 지연,안전 고객,중가치 고객
17890,2,396,5283,574.3,287.1,87,39,1,39,39,,계절 고객,0,0,0,0,취소 없음,1,2,3,123,일반 고객,43.5,4.6,3/1/2011,재방문 지연,안전 고객,중가치 고객
13566,2,567,5001,856.8,428.4,134,42,1,42,42,,계절 고객,0,0,0,0,취소 없음,1,2,3,123,일반 고객,67,4.2,12/11/2011,재방문 지연,안전 고객,중가치 고객
18205,2,192,4997,517.4,258.7,30,38,1,38,38,,계절 고객,0,0,0,0,취소 없음,1,2,3,123,일반 고객,15,6.4,12/11/2011,재방문 지연,안전 고객,중가치 고객
14904,2,1985,4963,1025.4,512.7,66,23,1,23,23,,월간 고객,0,0,0,0,취소 없음,1,2,4,124,고가치 휴면 고객,33,30.1,12/30/2011,재방문 지연,안전 고객,중가치 고객
16838,2,185,5158,588.8,294.4,24,91,1,91,91,,비정기 고객,1,3.85,1,5.95,저빈도 취소,1,2,3,123,일반 고객,12,7.7,8/25/2011,재방문 지연,안전 고객,중가치 고객
12865,2,921,4987,1548.4,774.2,85,97,1,97,97,,비정기 고객,1,1.05,48,20.16,저빈도 취소,1,2,4,124,고가치 휴면 고객,42.5,10.8,2/18/2012,재방문 지연,안전 고객,중가치 고객
14152,2,711,5036,621.3,310.6,47,159,1,159,159,,비정기 고객,1,2,12,10.2,저빈도 취소,1,2,3,123,일반 고객,23.5,15.1,3/2/2012,재방문 지연,안전 고객,중가치 고객
18142,2,1276,5118,1019.5,509.8,9,58,1,58,58,,계절 고객,3,16.67,3,4.62,중빈도 취소,1,2,4,124,고가치 휴면 고객,4.5,141.8,9/1/2011,재방문 지연,중위험 고객,중가치 고객
12719,2,358,4966,542.4,271.2,31,60,1,60,60,,계절 고객,3,7.89,13,36.85,중빈도 취소,1,2,3,123,일반 고객,15.5,11.5,2/2/2012,재방문 지연,저위험 고객,중가치 고객
16398,2,758,5115,1705.8,852.9,75,99,1,99,99,,비정기 고객,4,4.65,13,74.65,중빈도 취소,1,2,4,124,고가치 휴면 고객,37.5,10.1,10/15/2011,재방문 지연,안전 고객,중가치 고객
13672,2,57,5262,186.4,93.2,4,31,1,31,31,,계절 고객,9,60,57,186.39,고빈도 취소,1,2,1,121,일반 고객,2,14.3,3/14/2011,재방문 지연,고위험 고객,저가치 고객
17312,3,372,5099,644.3,214.8,11,10.5,2,4,17,9.2,월간 고객,0,0,0,0,취소 없음,1,2,3,123,일반 고객,3.67,33.8,8/3/2011,재방문 지연,안전 고객,중가치 고객
13546,3,357,4973,621.1,207,72,94,2,41,147,75,비정기 고객,0,0,0,0,취소 없음,1,2,3,123,일반 고객,24,5,2/29/2012,재방문 지연,안전 고객,중가치 고객
18081,3,195,4997,343.5,114.5,14,48.5,2,21,76,38.9,계절 고객,0,0,0,0,취소 없음,1,2,2,122,일반 고객,4.67,13.9,12/21/2011,재방문 지연,안전 고객,중가치 고객
12541,3,675,4990,841.2,280.4,45,125.5,2,107,144,26.2,비정기 고객,0,0,0,0,취소 없음,1,2,3,123,일반 고객,15,15,3/14/2012,재방문 지연,안전 고객,중가치 고객
17126,5,779,5113,986.9,197.4,186,105,2,63,147,59.4,비정기 고객,2,0.8,2,12.9,저빈도 취소,1,3,3,133,일반 고객,37.2,4.2,10/23/2011,재방문 지연,안전 고객,중가치 고객
16279,3,1046,4982,1502.8,500.9,102,77.5,2,66,89,16.3,계절 고객,2,1.85,2,12.9,저빈도 취소,1,2,4,124,고가치 휴면 고객,34,10.3,2/3/2012,재방문 지연,안전 고객,중가치 고객
17375,3,367,5160,400.1,133.4,63,81,2,49,113,45.3,계절 고객,2,2.82,6,27.6,저빈도 취소,1,2,2,122,일반 고객,21,5.8,8/13/2011,재방문 지연,안전 고객,중가치 고객
17816,4,30,4997,36.6,9.2,16,109.7,3,29,204,88.3,비정기 고객,0,0,0,0,취소 없음,1,2,1,121,일반 고객,4,1.9,2/21/2012,재방문 지연,안전 고객,중가치 고객
13681,4,360,4978,827.8,206.9,37,46,3,9,87,39.2,계절 고객,0,0,0,0,취소 없음,1,2,3,123,일반 고객,9.25,9.7,1/7/2012,재방문 지연,안전 고객,중가치 고객
17006,4,271,4965,766.8,191.7,36,23.7,3,13,44,17.6,월간 고객,0,0,0,0,취소 없음,1,2,3,123,일반 고객,9,7.5,12/29/2011,재방문 지연,안전 고객,중가치 고객
14554,4,1440,4971,2264.6,566.1,146,14,3,6,29,13,월간 고객,0,0,0,0,취소 없음,1,2,5,125,고가치 휴면 고객,36.5,9.9,12/13/2011,재방문 지연,안전 고객,중가치 고객
12937,4,1007,4976,1504.3,376.1,81,84,3,56,126,37,계절 고객,0,0,0,0,취소 없음,1,2,4,124,고가치 휴면 고객,20.25,12.4,2/16/2012,재방문 지연,안전 고객,중가치 고객
16955,4,266,5145,518.7,129.7,18,63,3,5,152,78.2,계절 고객,1,3.85,20,25,저빈도 취소,1,2,3,123,일반 고객,4.5,14.8,8/10/2011,재방문 지연,안전 고객,중가치 고객
17062,4,406,5274,528.3,132.1,51,18.7,3,4,45,22.9,월간 고객,1,1.45,2,3.9,저빈도 취소,1,2,3,123,일반 고객,12.75,8,2/18/2011,재방문 지연,안전 고객,중가치 고객
17527,4,488,5014,939.4,234.8,45,55,3,27,109,46.8,계절 고객,2,4.08,25,50.51,저빈도 취소,1,2,3,123,일반 고객,11.25,10.8,12/11/2011,재방문 지연,안전 고객,중가치 고객
16735,5,1520,5039,2216.8,443.4,86,85.3,3,20,141,61.1,계절 고객,3,2.56,19,31.35,중빈도 취소,1,3,5,135,일반 고객,17.2,17.7,12/16/2011,재방문 지연,안전 고객,고가치 고객
14146,5,2437,4969,4191,838.2,183,116.3,3,73,173,51.3,비정기 고객,35,14.29,551,1241.43,고빈도 취소,1,3,5,135,일반 고객,36.6,13.3,3/26/2012,재방문 지연,저위험 고객,고가치 고객
15605,5,441,4997,1198.2,239.6,61,84.3,4,37,163,56,계절 고객,0,0,0,0,취소 없음,1,3,4,134,일반 고객,12.2,7.2,1/26/2012,재방문 지연,안전 고객,고가치 고객
14684,5,820,4986,1200.3,240.1,230,84.3,4,15,147,66,계절 고객,0,0,0,0,취소 없음,1,3,4,134,일반 고객,46,3.6,2/6/2012,재방문 지연,안전 고객,고가치 고객
18161,5,808,4976,1598.9,319.8,48,76,4,49,112,26.5,계절 고객,1,1.25,2,5.9,저빈도 취소,1,3,4,134,일반 고객,9.6,16.8,2/8/2012,재방문 지연,안전 고객,고가치 고객
16809,5,652,4984,914.7,182.9,79,59.8,4,38,75,17.2,계절 고객,1,0.67,1,1.95,저빈도 취소,1,3,3,133,일반 고객,15.8,8.3,1/15/2012,재방문 지연,안전 고객,중가치 고객
18171,5,481,5019,1231.3,246.3,43,68.8,4,41,95,22.7,계절 고객,2,3.57,4,22.8,저빈도 취소,1,3,4,134,일반 고객,8.6,11.2,12/20/2011,재방문 지연,안전 고객,고가치 고객
13941,5,2364,4982,5113,1022.6,24,87.8,4,68,126,26.1,계절 고객,2,4.26,57,200.55,저빈도 취소,1,3,5,135,일반 고객,4.8,98.5,2/14/2012,재방문 지연,안전 고객,고가치 고객
16628,5,1205,4990,2188,437.6,79,51.3,4,16,83,33.7,계절 고객,2,1.68,3,5.01,저빈도 취소,1,3,5,135,일반 고객,15.8,15.3,12/31/2011,재방문 지연,안전 고객,고가치 고객
14511,5,784,4972,1314.8,263,53,30.5,4,22,41,8.1,계절 고객,3,4.23,12,47.4,중빈도 취소,1,3,4,134,일반 고객,10.6,14.8,12/28/2011,재방문 지연,안전 고객,고가치 고객
17193,7,1254,4996,1699.3,242.8,17,35.3,4,10,90,37.3,계절 고객,3,8.57,16,24.84,중빈도 취소,1,3,4,134,일반 고객,2.43,73.8,12/9/2011,재방문 지연,저위험 고객,고가치 고객
15809,5,253,4997,497,99.4,30,66.5,4,20,148,56.1,계절 고객,8,19.05,50,116.56,고빈도 취소,1,3,2,132,일반 고객,6,8.4,1/8/2012,재방문 지연,중위험 고객,중가치 고객
16059,6,638,5026,1438.3,239.7,125,60.4,5,6,92,37,계절 고객,0,0,0,0,취소 없음,1,3,4,134,일반 고객,20.83,5.1,12/4/2011,재방문 지연,안전 고객,고가치 고객
18272,6,1902,4963,3002.6,500.4,96,48.8,5,21,75,22.4,계절 고객,4,2.41,6,13.8,중빈도 취소,1,3,5,135,일반 고객,16,19.8,1/25/2012,재방문 지연,안전 고객,고가치 고객
13209,8,4205,4991,5830.7,728.8,251,66.2,5,15,99,38.7,계절 고객,8,2.46,21,71.45,고빈도 취소,1,3,5,135,일반 고객,31.38,16.8,1/14/2012,재방문 지연,안전 고객,고가치 고객
13953,7,2724,4968,3515.7,502.2,8,57.5,6,45,78,13.1,계절 고객,0,0,0,0,취소 없음,1,3,5,135,일반 고객,1.14,340.5,1/28/2012,재방문 지연,안전 고객,중가치 고객
14730,8,1078,4962,1897.6,237.2,317,45.8,6,20,71,20.9,계절 고객,0,0,0,0,취소 없음,1,3,4,134,일반 고객,39.63,3.4,1/23/2012,재방문 지연,안전 고객,고가치 고객
16719,7,1160,4975,1737.2,248.2,104,59,6,30,87,19.8,계절 고객,2,1.03,2,16.5,저빈도 취소,1,3,4,134,일반 고객,14.86,11.2,1/23/2012,재방문 지연,안전 고객,고가치 고객
16942,9,793,4973,1874.4,208.3,157,30.7,7,8,103,32.6,계절 고객,2,0.72,4,26.48,저빈도 취소,1,3,4,134,일반 고객,17.44,5.1,12/28/2011,재방문 지연,안전 고객,고가치 고객
13588,9,2606,4976,2478.9,275.4,131,30,8,2,119,37.3,월간 고객,5,2.79,32,29.42,중빈도 취소,1,3,5,135,일반 고객,14.56,19.9,12/24/2011,재방문 지연,안전 고객,고가치 고객
16775,11,439,4971,1691.5,153.8,84,35.7,10,2,86,23.9,계절 고객,0,0,0,0,취소 없음,1,4,4,144,휴면 우수 고객,7.64,5.2,1/4/2012,재방문 지연,안전 고객,고가치 고객
14709,13,2484,4976,4921,378.5,71,31.2,11,15,61,14.3,계절 고객,1,0.51,2,9.9,저빈도 취소,1,4,5,145,휴면 우수 고객,5.46,35,12/25/2011,재방문 지연,안전 고객,최고가치 고객
17659,12,1523,4978,2983,248.6,126,32.3,11,7,99,27.7,계절 고객,3,1.88,39,44.71,중빈도 취소,1,4,5,145,휴면 우수 고객,10.5,12.1,12/24/2011,재방문 지연,안전 고객,최고가치 고객
14092,14,2024,4968,3969.8,283.6,115,31.9,11,6,53,12.9,계절 고객,3,1.42,5,13.81,중빈도 취소,1,4,5,145,휴면 우수 고객,8.21,17.6,1/3/2012,재방문 지연,안전 고객,최고가치 고객
14282,15,2656,4964,3701.4,246.8,70,26,14,2,101,26.9,월간 고객,0,0,0,0,취소 없음,1,4,5,145,휴면 우수 고객,4.67,37.9,1/1/2012,재방문 지연,안전 고객,최고가치 고객
18172,20,3184,4975,7561.7,378.1,100,21.2,13,3,63,17.6,월간 고객,8,4.06,14,71.51,고빈도 취소,1,5,5,155,휴면 우수 고객,5,31.8,12/16/2011,재방문 지연,안전 고객,최고가치 고객
12921,37,9526,4970,16587.1,448.3,233,16.5,22,1,47,13.9,월간 고객,21,2.83,72,197.35,고빈도 취소,1,5,5,155,휴면 우수 고객,6.3,40.9,12/16/2011,재방문 지연,안전 고객,최고가치 고객
15488,1,72,5053,76.3,76.3,1,,0,,,,일회성 고객,0,0,0,0,취소 없음,1,1,1,111,일반 고객,1,72,,예측 불가,안전 고객,저가치 고객
16563,1,486,5014,1077.7,1077.7,19,,0,,,,일회성 고객,0,0,0,0,취소 없음,1,1,4,114,고가치 휴면 고객,19,25.6,,예측 불가,안전 고객,중가치 고객
13551,1,12,5280,91.8,91.8,4,,0,,,,일회성 고객,0,0,0,0,취소 없음,1,1,1,111,일반 고객,4,3,,예측 불가,안전 고객,저가치 고객
15723,1,73,5325,190.7,190.7,37,,0,,,,일회성 고객,0,0,0,0,취소 없음,1,1,1,111,일반 고객,37,2,,예측 불가,안전 고객,중가치 고객
16680,1,94,5004,183.7,183.7,10,,0,,,,일회성 고객,0,0,0,0,취소 없음,1,1,1,111,일반 고객,10,9.4,,예측 불가,안전 고객,중가치 고객
13095,1,144,5031,74.4,74.4,6,,0,,,,일회성 고객,0,0,0,0,취소 없음,1,1,1,111,일반 고객,6,24,,예측 불가,안전 고객,중가치 고객
14847,1,120,5109,309.4,309.4,13,,0,,,,일회성 고객,0,0,0,0,취소 없음,1,1,2,112,일반 고객,13,9.2,,예측 불가,안전 고객,중가치 고객
13682,1,10,5148,59.5,59.5,3,,0,,,,일회성 고객,0,0,0,0,취소 없음,1,1,1,111,일반 고객,3,3.3,,예측 불가,안전 고객,저가치 고객
16594,1,64,5036,181.1,181.1,53,,0,,,,일회성 고객,0,0,0,0,취소 없음,1,1,1,111,일반 고객,53,1.2,,예측 불가,안전 고객,중가치 고객
15820,1,128,5280,207,207,17,,0,,,,일회성 고객,0,0,0,0,취소 없음,1,1,2,112,일반 고객,17,7.5,,예측 불가,안전 고객,중가치 고객
12641,1,65,5076,130.6,130.6,8,,0,,,,일회성 고객,0,0,0,0,취소 없음,1,1,1,111,일반 고객,8,8.1,,예측 불가,안전 고객,중가치 고객
15925,1,93,5155,207.2,207.2,12,,0,,,,일회성 고객,0,0,0,0,취소 없음,1,1,2,112,일반 고객,12,7.8,,예측 불가,안전 고객,중가치 고객
16965,1,243,5187,192.1,192.1,25,,0,,,,일회성 고객,0,0,0,0,취소 없음,1,1,1,111,일반 고객,25,9.7,,예측 불가,안전 고객,중가치 고객
16903,1,244,4990,344.2,344.2,47,,0,,,,일회성 고객,0,0,0,0,취소 없음,1,1,2,112,일반 고객,47,5.2,,예측 불가,안전 고객,중가치 고객
13441,1,204,5052,296.6,296.6,13,,0,,,,일회성 고객,0,0,0,0,취소 없음,1,1,2,112,일반 고객,13,15.7,,예측 불가,안전 고객,중가치 고객
17070,1,131,5075,304.2,304.2,62,,0,,,,일회성 고객,0,0,0,0,취소 없음,1,1,2,112,일반 고객,62,2.1,,예측 불가,안전 고객,중가치 고객
17040,1,181,5098,449.7,449.7,15,,0,,,,일회성 고객,0,0,0,0,취소 없음,1,1,2,112,일반 고객,15,12.1,,예측 불가,안전 고객,중가치 고객
15004,1,620,5108,1208.5,1208.5,152,,0,,,,일회성 고객,0,0,0,0,취소 없음,1,1,4,114,고가치 휴면 고객,152,4.1,,예측 불가,안전 고객,중가치 고객
17948,1,144,5108,358.6,358.6,1,,0,,,,일회성 고객,0,0,0,0,취소 없음,1,1,2,112,일반 고객,1,144,,예측 불가,안전 고객,저가치 고객
13990,1,142,5174,292.6,292.6,15,,0,,,,일회성 고객,0,0,0,0,취소 없음,1,1,2,112,일반 고객,15,9.5,,예측 불가,안전 고객,중가치 고객
15659,1,111,5004,306.4,306.4,11,,0,,,,일회성 고객,0,0,0,0,취소 없음,1,1,2,112,일반 고객,11,10.1,,예측 불가,안전 고객,중가치 고객
12445,1,60,4983,77.4,77.4,3,,0,,,,일회성 고객,0,0,0,0,취소 없음,1,1,1,111,일반 고객,3,20,,예측 불가,안전 고객,저가치 고객
13721,1,316,4997,524.1,524.1,28,,0,,,,일회성 고객,0,0,0,0,취소 없음,1,1,3,113,일반 고객,28,11.3,,예측 불가,안전 고객,중가치 고객
14349,1,86,4971,133.5,133.5,31,,0,,,,일회성 고객,0,0,0,0,취소 없음,1,1,1,111,일반 고객,31,2.8,,예측 불가,안전 고객,중가치 고객
18032,1,42,5295,73.5,73.5,5,,0,,,,일회성 고객,0,0,0,0,취소 없음,1,1,1,111,일반 고객,5,8.4,,예측 불가,안전 고객,중가치 고객
13121,1,252,5230,283.7,283.7,50,,0,,,,일회성 고객,3,5.66,25,29,중빈도 취소,1,1,2,112,일반 고객,50,5,,예측 불가,저위험 고객,중가치 고객
13343,1,134,5138,303.4,303.4,18,,0,,,,일회성 고객,3,14.29,9,49.5,중빈도 취소,1,1,2,112,일반 고객,18,7.4,,예측 불가,저위험 고객,중가치 고객
13601,2,538,5006,667.8,333.9,89,166,1,166,166,,비정기 고객,0,0,0,0,취소 없음,1,2,3,123,일반 고객,44.5,6,4/8/2012,재방문 지연,안전 고객,중가치 고객
16352,2,300,4978,494.4,247.2,28,20,1,20,20,,월간 고객,0,0,0,0,취소 없음,1,2,2,122,일반 고객,14,10.7,12/12/2011,재방문 지연,안전 고객,중가치 고객
17163,2,66,4982,293.1,146.6,3,57,1,57,57,,계절 고객,0,0,0,0,취소 없음,1,2,2,122,일반 고객,1.5,22,1/14/2012,재방문 지연,안전 고객,저가치 고객
16414,2,27,4982,126.3,63.1,5,259,1,259,259,,비정기 고객,0,0,0,0,취소 없음,1,2,1,121,일반 고객,2.5,5.4,8/3/2012,재방문 지연,안전 고객,중가치 고객
18080,2,642,4979,1231.5,615.8,2,224,1,224,224,,비정기 고객,0,0,0,0,취소 없음,1,2,4,124,고가치 휴면 고객,1,321,7/2/2012,재방문 지연,안전 고객,중가치 고객
15852,2,48,5147,160.7,80.3,22,11,1,11,11,,월간 고객,0,0,0,0,취소 없음,1,2,1,121,일반 고객,11,2.2,6/17/2011,재방문 지연,안전 고객,중가치 고객
13918,2,1140,5010,1212.8,606.4,30,204,1,204,204,,비정기 고객,0,0,0,0,취소 없음,1,2,4,124,고가치 휴면 고객,15,38,5/12/2012,재방문 지연,안전 고객,중가치 고객
16624,2,488,5041,810.6,405.3,44,117,1,117,117,,비정기 고객,0,0,0,0,취소 없음,1,2,3,123,일반 고객,22,11.1,1/15/2012,재방문 지연,안전 고객,중가치 고객
17081,2,76,4986,279,139.5,54,21,1,21,21,,월간 고객,0,0,0,0,취소 없음,1,2,2,122,일반 고객,27,1.4,12/5/2011,재방문 지연,안전 고객,중가치 고객
17624,2,554,4975,843.5,421.8,49,204,1,204,204,,비정기 고객,0,0,0,0,취소 없음,1,2,3,123,일반 고객,24.5,11.3,6/16/2012,재방문 지연,안전 고객,중가치 고객
13917,2,228,5010,272,136,16,142,1,142,142,,비정기 고객,0,0,0,0,취소 없음,1,2,2,122,일반 고객,8,14.3,3/11/2012,재방문 지연,안전 고객,중가치 고객
12653,2,919,5109,2209.8,1104.9,37,148,1,148,148,,비정기 고객,0,0,0,0,취소 없음,1,2,5,125,고가치 휴면 고객,18.5,24.8,12/9/2011,재방문 지연,안전 고객,중가치 고객
13726,2,1054,4999,1079.7,539.9,39,62,1,62,62,,계절 고객,0,0,0,0,취소 없음,1,2,4,124,고가치 휴면 고객,19.5,27,1/2/2012,재방문 지연,안전 고객,중가치 고객
17362,2,155,5200,220.4,110.2,27,70,1,70,70,,계절 고객,0,0,0,0,취소 없음,1,2,2,122,일반 고객,13.5,5.7,6/23/2011,재방문 지연,안전 고객,중가치 고객
13368,2,326,5217,573.4,286.7,28,81,1,81,81,,계절 고객,0,0,0,0,취소 없음,1,2,3,123,일반 고객,14,11.6,6/17/2011,재방문 지연,안전 고객,중가치 고객
17298,2,387,5062,498.4,249.2,30,23,1,23,23,,월간 고객,0,0,0,0,취소 없음,1,2,2,122,일반 고객,15,12.9,9/22/2011,재방문 지연,안전 고객,중가치 고객
12735,2,363,5276,689.6,344.8,37,22,1,22,22,,월간 고객,0,0,0,0,취소 없음,1,2,3,123,일반 고객,18.5,9.8,2/19/2011,재방문 지연,안전 고객,중가치 고객
15060,4,255,4969,292.2,73,79,1,1,1,1,,주간 고객,0,0,0,0,취소 없음,1,2,2,122,일반 고객,19.75,3.2,12/2/2011,재방문 지연,안전 고객,중가치 고객
14104,2,72,5115,216.2,108.1,21,11,1,11,11,,월간 고객,0,0,0,0,취소 없음,1,2,2,122,일반 고객,10.5,3.4,7/19/2011,재방문 지연,안전 고객,중가치 고객
13933,2,205,5070,608.8,304.4,23,39,1,39,39,,계절 고객,0,0,0,0,취소 없음,1,2,3,123,일반 고객,11.5,8.9,9/30/2011,재방문 지연,안전 고객,중가치 고객
17507,2,359,5222,605.6,302.8,79,48,1,48,48,,계절 고객,0,0,0,0,취소 없음,1,2,3,123,일반 고객,39.5,4.5,5/10/2011,재방문 지연,안전 고객,중가치 고객
14544,2,1536,4985,2004.3,1002.1,97,337,1,337,337,,비정기 고객,0,0,0,0,취소 없음,1,2,5,125,고가치 휴면 고객,48.5,15.8,10/17/2012,재방문 지연,안전 고객,중가치 고객
14306,2,1075,5012,2093.3,1046.7,33,34,1,34,34,,계절 고객,2,5.71,2,9.9,저빈도 취소,1,2,5,125,고가치 휴면 고객,16.5,32.6,11/22/2011,재방문 지연,저위험 고객,중가치 고객
12895,2,210,5003,372.8,186.4,22,44,1,44,44,,계절 고객,2,8.33,6,25.5,저빈도 취소,1,2,2,122,일반 고객,11,9.5,12/11/2011,재방문 지연,저위험 고객,중가치 고객
14264,2,70,5115,334,167,15,91,1,91,91,,비정기 고객,2,10.53,4,14.5,중빈도 취소,1,2,2,122,일반 고객,7.5,4.7,10/7/2011,재방문 지연,저위험 고객,중가치 고객
15339,2,404,5027,543.5,271.8,75,252,1,252,252,,비정기 고객,2,2.33,2,16.5,저빈도 취소,1,2,3,123,일반 고객,37.5,5.4,6/12/2012,재방문 지연,안전 고객,중가치 고객
12940,2,404,5015,899.7,449.9,87,33,1,33,33,,계절 고객,4,4,5,37.25,중빈도 취소,1,2,3,123,일반 고객,43.5,4.6,11/18/2011,재방문 지연,안전 고객,중가치 고객
14442,2,482,5165,1589.8,794.9,58,112,1,112,112,,비정기 고객,5,7.35,7,45.2,중빈도 취소,1,2,4,124,고가치 휴면 고객,29,8.3,9/8/2011,재방문 지연,저위험 고객,중가치 고객
16298,3,198,4983,598.2,199.4,22,82,2,29,135,75,계절 고객,0,0,0,0,취소 없음,1,2,3,123,일반 고객,7.33,9,2/7/2012,재방문 지연,안전 고객,중가치 고객
15704,4,1024,5101,2273.8,568.5,78,37.5,2,28,47,13.4,계절 고객,0,0,0,0,취소 없음,1,2,5,125,고가치 휴면 고객,19.5,13.1,8/28/2011,재방문 지연,안전 고객,중가치 고객
14828,3,2172,5157,2139.8,713.3,17,70,2,58,82,17,계절 고객,0,0,0,0,취소 없음,1,2,5,125,고가치 휴면 고객,5.67,127.8,8/5/2011,재방문 지연,안전 고객,중가치 고객
17703,3,590,4996,798.7,266.2,47,51.5,2,29,74,31.8,계절 고객,0,0,0,0,취소 없음,1,2,3,123,일반 고객,15.67,12.6,12/25/2011,재방문 지연,안전 고객,중가치 고객
17033,3,750,5047,1030.1,343.4,24,136.5,2,128,145,12,비정기 고객,0,0,0,0,취소 없음,1,2,4,124,고가치 휴면 고객,8,31.3,1/28/2012,재방문 지연,안전 고객,중가치 고객
14700,3,1314,4993,2195.1,731.7,80,103,2,49,157,76.4,비정기 고객,0,0,0,0,취소 없음,1,2,5,125,고가치 휴면 고객,26.67,16.4,2/18/2012,재방문 지연,안전 고객,중가치 고객
13308,3,843,4983,1385.5,461.8,49,90.5,2,30,151,85.6,비정기 고객,3,5.26,3,17.9,중빈도 취소,1,2,4,124,고가치 휴면 고객,16.33,17.2,2/15/2012,재방문 지연,저위험 고객,중가치 고객
14276,3,744,5059,1119.7,373.2,52,95.5,2,82,109,19.1,비정기 고객,11,14.67,21,100.35,고빈도 취소,1,2,4,124,고가치 휴면 고객,17.33,14.3,12/6/2011,재방문 지연,저위험 고객,중가치 고객
18093,4,1068,5054,1426.1,356.5,26,69.7,3,5,177,93.6,계절 고객,0,0,0,0,취소 없음,1,2,4,124,고가치 휴면 고객,6.5,41.1,11/16/2011,재방문 지연,안전 고객,중가치 고객
12348,4,2332,5036,1437.2,359.3,21,94.3,3,40,173,69.8,비정기 고객,0,0,0,0,취소 없음,1,2,4,124,고가치 휴면 고객,5.25,111,12/28/2011,재방문 지연,안전 고객,중가치 고객
13592,4,84,4996,248,62,15,76.3,3,8,170,83.9,계절 고객,0,0,0,0,취소 없음,1,2,2,122,일반 고객,3.75,5.6,1/19/2012,재방문 지연,안전 고객,중가치 고객
16295,4,841,4970,1328.6,332.1,70,18.3,3,6,34,14.3,월간 고객,0,0,0,0,취소 없음,1,2,4,124,고가치 휴면 고객,17.5,12,12/18/2011,재방문 지연,안전 고객,중가치 고객
17426,6,3094,4969,5037.3,839.6,179,91.3,3,83,107,13.6,비정기 고객,1,0.37,12,15,저빈도 취소,1,3,5,135,일반 고객,29.83,17.3,3/1/2012,재방문 지연,안전 고객,고가치 고객
12380,4,1110,4982,2427.8,607,76,54.7,3,22,107,45.8,계절 고객,1,0.99,1,4.25,저빈도 취소,1,2,5,125,고가치 휴면 고객,19,14.6,1/12/2012,재방문 지연,안전 고객,중가치 고객
13644,4,2067,4977,2624.3,656.1,144,29.7,3,28,32,2.1,월간 고객,2,1.35,7,26.74,저빈도 취소,1,2,5,125,고가치 휴면 고객,36,14.4,12/23/2011,재방문 지연,안전 고객,중가치 고객
16493,4,1164,5040,1351.6,337.9,40,83.3,3,44,112,35.2,계절 고객,6,9.68,51,21.97,고빈도 취소,1,2,4,124,고가치 휴면 고객,10,29.1,12/13/2011,재방문 지연,저위험 고객,중가치 고객
17554,5,1679,4962,1754.5,350.9,56,36.8,4,15,63,21,계절 고객,0,0,0,0,취소 없음,1,3,4,134,일반 고객,11.2,30,1/14/2012,재방문 지연,안전 고객,고가치 고객
14077,5,268,5001,499.4,99.9,33,58.5,4,38,104,30.7,계절 고객,0,0,0,0,취소 없음,1,3,2,132,일반 고객,6.6,8.1,12/27/2011,재방문 지연,안전 고객,중가치 고객
12407,5,1403,5010,1507.1,301.4,56,53.8,4,22,85,32.8,계절 고객,0,0,0,0,취소 없음,1,3,4,134,일반 고객,11.2,25.1,12/14/2011,재방문 지연,안전 고객,고가치 고객
12823,5,230,5035,1759.5,351.9,1,55.5,4,7,127,51.3,계절 고객,0,0,0,0,취소 없음,1,3,4,134,일반 고객,0.2,230,11/20/2011,재방문 지연,안전 고객,중가치 고객
13882,5,953,4963,1191.1,238.2,54,15.5,4,9,21,5.5,월간 고객,1,1.52,3,59.85,저빈도 취소,1,3,4,134,일반 고객,10.8,17.6,12/22/2011,재방문 지연,안전 고객,고가치 고객
17027,6,415,5039,872.6,145.4,109,59.8,4,1,104,51.1,계절 고객,2,1.34,6,41.7,저빈도 취소,1,3,3,133,일반 고객,18.17,3.8,11/21/2011,재방문 지연,안전 고객,중가치 고객
15622,9,1674,5004,3709.6,412.2,169,59.8,4,28,111,36.2,계절 고객,29,13.55,122,485.03,고빈도 취소,1,3,5,135,일반 고객,18.78,9.9,12/26/2011,재방문 지연,저위험 고객,고가치 고객
12828,6,494,4963,1018.7,169.8,46,25.6,5,5,58,21,월간 고객,0,0,0,0,취소 없음,1,3,4,134,일반 고객,7.67,10.7,1/2/2012,재방문 지연,안전 고객,고가치 고객
16655,6,2361,4978,3779.6,629.9,207,62.8,5,13,146,49.6,계절 고객,0,0,0,0,취소 없음,1,3,5,135,일반 고객,34.5,11.4,1/24/2012,재방문 지연,안전 고객,고가치 고객
16841,6,2214,4997,1813.1,302.2,98,50.2,5,15,101,36,계절 고객,1,0.88,16,95.2,저빈도 취소,1,3,4,134,일반 고객,16.33,22.6,12/23/2011,재방문 지연,안전 고객,고가치 고객
16790,6,898,4964,1545.6,257.6,88,6.8,5,1,13,5.4,주간 고객,2,2.11,6,25.5,저빈도 취소,1,3,4,134,일반 고객,14.67,10.2,12/13/2011,재방문 지연,안전 고객,고가치 고객
15660,9,1050,4986,1600.9,177.9,55,68,5,50,82,13.3,계절 고객,4,4.26,13,48.85,중빈도 취소,1,3,4,134,일반 고객,6.11,19.1,1/21/2012,재방문 지연,안전 고객,고가치 고객
13437,7,1279,4975,3388.3,484,142,29.3,6,7,68,22.6,월간 고객,0,0,0,0,취소 없음,1,3,5,135,일반 고객,20.29,9,12/24/2011,재방문 지연,안전 고객,고가치 고객
15379,7,2305,5130,3703.3,529,145,31.5,6,14,67,21.2,계절 고객,2,1.02,12,71.4,저빈도 취소,1,3,5,135,일반 고객,20.71,15.9,7/24/2011,재방문 지연,안전 고객,고가치 고객
14732,8,1393,4969,2692.5,336.6,104,47.3,7,22,63,14.9,계절 고객,2,1.35,3,16.15,저빈도 취소,1,3,5,135,일반 고객,13,13.4,1/17/2012,재방문 지연,안전 고객,고가치 고객
12584,9,361,4964,2095.6,232.8,40,34.6,8,9,95,28.5,계절 고객,27,23.89,57,419.45,고빈도 취소,1,3,5,135,일반 고객,4.44,9,1/10/2012,재방문 지연,중위험 고객,고가치 고객
16241,13,1441,4970,2583.4,198.7,345,32.7,11,7,92,22.1,계절 고객,0,0,0,0,취소 없음,1,4,5,145,휴면 우수 고객,26.54,4.2,1/2/2012,재방문 지연,안전 고객,최고가치 고객
12877,12,1171,4964,1520.9,126.7,98,32.3,11,5,54,15.3,계절 고객,0,0,0,0,취소 없음,1,4,4,144,휴면 우수 고객,8.17,11.9,1/7/2012,재방문 지연,안전 고객,고가치 고객
16923,19,3340,4973,7049.3,371,312,21.9,16,7,53,11.5,월간 고객,24,3.7,234,580.78,고빈도 취소,1,4,5,145,휴면 우수 고객,16.42,10.7,12/19/2011,재방문 지연,안전 고객,최고가치 고객
13319,26,4724,4966,10845.6,417.1,209,22.5,16,11,42,9.7,월간 고객,24,4.8,38,181.21,고빈도 취소,1,5,5,155,휴면 우수 고객,8.04,22.6,12/26/2011,재방문 지연,안전 고객,최고가치 고객
16210,17,7558,4962,21076.3,1239.8,73,24.8,15,3,97,30.1,월간 고객,0,0,0,0,취소 없음,1,4,5,145,휴면 우수 고객,4.29,103.5,1/2/2012,재방문 지연,안전 고객,최고가치 고객
16607,14,2859,4978,3347.7,239.1,140,26.2,13,1,66,20.6,월간 고객,2,1.15,37,309.04,저빈도 취소,1,4,5,145,휴면 우수 고객,10,20.4,12/18/2011,재방문 지연,안전 고객,최고가치 고객
15159,30,11393,4962,18575.3,619.2,360,20,18,3,45,10.6,월간 고객,8,1.12,45,63.43,고빈도 취소,1,5,5,155,휴면 우수 고객,12,31.6,12/28/2011,재방문 지연,안전 고객,최고가치 고객
16525,26,7373,4963,12927.9,497.2,74,14.6,25,2,42,9.3,월간 고객,17,8.54,904,1131.88,고빈도 취소,1,5,5,155,휴면 우수 고객,2.85,99.6,12/22/2011,재방문 지연,저위험 고객,최고가치 고객
15005,28,4211,4976,6264.2,223.7,356,13,27,5,29,6.2,월간 고객,40,3.49,42,134.83,고빈도 취소,1,5,5,155,휴면 우수 고객,12.71,11.8,12/7/2011,재방문 지연,안전 고객,최고가치 고객
13841,1,100,5213,85,85,1,,0,,,,일회성 고객,0,0,0,0,취소 없음,1,1,1,111,일반 고객,1,100,,예측 불가,안전 고객,저가치 고객
14966,1,179,4975,183,183,35,,0,,,,일회성 고객,0,0,0,0,취소 없음,1,1,1,111,일반 고객,35,5.1,,예측 불가,안전 고객,중가치 고객
12791,1,96,5334,177.6,177.6,1,,0,,,,일회성 고객,0,0,0,0,취소 없음,1,1,1,111,일반 고객,1,96,,예측 불가,안전 고객,저가치 고객
17251,1,100,5323,249.4,249.4,35,,0,,,,일회성 고객,0,0,0,0,취소 없음,1,1,2,112,일반 고객,35,2.9,,예측 불가,안전 고객,중가치 고객
15158,1,198,5006,401.4,401.4,7,,0,,,,일회성 고객,0,0,0,0,취소 없음,1,1,2,112,일반 고객,7,28.3,,예측 불가,안전 고객,중가치 고객
17891,1,393,5123,203.9,203.9,34,,0,,,,일회성 고객,0,0,0,0,취소 없음,1,1,2,112,일반 고객,34,11.6,,예측 불가,안전 고객,중가치 고객
12729,1,231,5074,417,417,25,,0,,,,일회성 고객,0,0,0,0,취소 없음,1,1,2,112,일반 고객,25,9.2,,예측 불가,안전 고객,중가치 고객
12945,1,165,5249,462.9,462.9,23,,0,,,,일회성 고객,0,0,0,0,취소 없음,1,1,2,112,일반 고객,23,7.2,,예측 불가,안전 고객,중가치 고객
14582,1,73,5001,114.1,114.1,6,,0,,,,일회성 고객,0,0,0,0,취소 없음,1,1,1,111,일반 고객,6,12.2,,예측 불가,안전 고객,중가치 고객
13382,1,131,5241,223,223,15,,0,,,,일회성 고객,0,0,0,0,취소 없음,1,1,2,112,일반 고객,15,8.7,,예측 불가,안전 고객,중가치 고객
15148,1,187,4971,301.3,301.3,20,,0,,,,일회성 고객,0,0,0,0,취소 없음,1,1,2,112,일반 고객,20,9.3,,예측 불가,안전 고객,중가치 고객
13244,1,38,5053,121.7,121.7,27,,0,,,,일회성 고객,0,0,0,0,취소 없음,1,1,1,111,일반 고객,27,1.4,,예측 불가,안전 고객,중가치 고객
16319,1,72,5178,404.4,404.4,3,,0,,,,일회성 고객,0,0,0,0,취소 없음,1,1,2,112,일반 고객,3,24,,예측 불가,안전 고객,저가치 고객
14957,1,28,5214,43.2,43.2,11,,0,,,,일회성 고객,0,0,0,0,취소 없음,1,1,1,111,일반 고객,11,2.5,,예측 불가,안전 고객,중가치 고객
17545,3,337,5004,642.3,214.1,122,,0,,,,일회성 고객,0,0,0,0,취소 없음,1,2,3,123,일반 고객,40.67,2.8,,예측 불가,안전 고객,중가치 고객
14089,1,133,5017,158.8,158.8,13,,0,,,,일회성 고객,0,0,0,0,취소 없음,1,1,1,111,일반 고객,13,10.2,,예측 불가,안전 고객,중가치 고객
13686,1,70,5143,72,72,8,,0,,,,일회성 고객,0,0,0,0,취소 없음,1,1,1,111,일반 고객,8,8.8,,예측 불가,안전 고객,중가치 고객
13017,1,48,4968,204,204,1,,0,,,,일회성 고객,0,0,0,0,취소 없음,1,1,2,112,일반 고객,1,48,,예측 불가,안전 고객,저가치 고객
15405,1,193,5150,349.1,349.1,8,,0,,,,일회성 고객,0,0,0,0,취소 없음,1,1,2,112,일반 고객,8,24.1,,예측 불가,안전 고객,중가치 고객
17349,1,102,5140,98.3,98.3,8,,0,,,,일회성 고객,0,0,0,0,취소 없음,1,1,1,111,일반 고객,8,12.8,,예측 불가,안전 고객,중가치 고객
15047,1,222,5230,343.6,343.6,22,,0,,,,일회성 고객,0,0,0,0,취소 없음,1,1,2,112,일반 고객,22,10.1,,예측 불가,안전 고객,중가치 고객
16052,1,282,5015,362.1,362.1,34,,0,,,,일회성 고객,0,0,0,0,취소 없음,1,1,2,112,일반 고객,34,8.3,,예측 불가,안전 고객,중가치 고객
15127,1,251,5026,406.5,406.5,16,,0,,,,일회성 고객,0,0,0,0,취소 없음,1,1,2,112,일반 고객,16,15.7,,예측 불가,안전 고객,중가치 고객
15539,1,410,4968,538.5,538.5,41,,0,,,,일회성 고객,0,0,0,0,취소 없음,1,1,3,113,일반 고객,41,10,,예측 불가,안전 고객,중가치 고객
16339,1,21,5245,94.1,94.1,17,,0,,,,일회성 고객,0,0,0,0,취소 없음,1,1,1,111,일반 고객,17,1.2,,예측 불가,안전 고객,중가치 고객
17111,1,282,5008,231.6,231.6,29,,0,,,,일회성 고객,0,0,0,0,취소 없음,1,1,2,112,일반 고객,29,9.7,,예측 불가,안전 고객,중가치 고객
16494,1,675,5257,826.5,826.5,47,,0,,,,일회성 고객,0,0,0,0,취소 없음,1,1,3,113,일반 고객,47,14.4,,예측 불가,안전 고객,중가치 고객
12929,1,37,5272,117.9,117.9,8,,0,,,,일회성 고객,1,11.11,1,12.75,중빈도 취소,1,1,1,111,일반 고객,8,4.6,,예측 불가,저위험 고객,중가치 고객
14073,1,130,4993,151,151,13,,0,,,,일회성 고객,1,7.14,2,11.5,저빈도 취소,1,1,1,111,일반 고객,13,10,,예측 불가,저위험 고객,중가치 고객
18108,1,84,5215,271,271,17,,0,,,,일회성 고객,2,10.53,2,6.35,중빈도 취소,1,1,2,112,일반 고객,17,4.9,,예측 불가,저위험 고객,중가치 고객
14333,1,58,5028,415.2,415.2,15,,0,,,,일회성 고객,4,21.05,6,63.75,고빈도 취소,1,1,2,112,일반 고객,15,3.9,,예측 불가,중위험 고객,중가치 고객
14311,1,146,5203,310.3,310.3,20,,0,,,,일회성 고객,7,25.93,21,80.55,고빈도 취소,1,1,2,112,일반 고객,20,7.3,,예측 불가,중위험 고객,중가치 고객
17432,2,207,4979,365.8,182.9,44,19,1,19,19,,월간 고객,0,0,0,0,취소 없음,1,2,2,122,일반 고객,22,4.7,12/10/2011,재방문 지연,안전 고객,중가치 고객
15948,2,567,4969,955.2,477.6,51,35,1,35,35,,계절 고객,0,0,0,0,취소 없음,1,2,3,123,일반 고객,25.5,11.1,1/5/2012,재방문 지연,안전 고객,중가치 고객
16968,2,326,4965,439.4,219.7,31,103,1,103,103,,비정기 고객,0,0,0,0,취소 없음,1,2,2,122,일반 고객,15.5,10.5,3/17/2012,재방문 지연,안전 고객,중가치 고객
16431,3,442,5174,623.3,207.8,51,84,1,84,84,,계절 고객,0,0,0,0,취소 없음,1,2,3,123,일반 고객,17,8.7,8/2/2011,재방문 지연,안전 고객,중가치 고객
12535,2,219,5052,716.3,358.1,28,95,1,95,95,,비정기 고객,0,0,0,0,취소 없음,1,2,3,123,일반 고객,14,7.8,12/13/2011,재방문 지연,안전 고객,중가치 고객
14250,3,1200,4968,1904.1,634.7,94,82,1,82,82,,계절 고객,0,0,0,0,취소 없음,1,2,4,124,고가치 휴면 고객,31.33,12.8,2/22/2012,재방문 지연,안전 고객,중가치 고객
14162,2,142,5134,289.4,144.7,25,119,1,119,119,,비정기 고객,0,0,0,0,취소 없음,1,2,2,122,일반 고객,12.5,5.7,10/16/2011,재방문 지연,안전 고객,중가치 고객
17505,2,544,5122,1115.2,557.6,46,44,1,44,44,,계절 고객,0,0,0,0,취소 없음,1,2,4,124,고가치 휴면 고객,23,11.8,8/14/2011,재방문 지연,안전 고객,중가치 고객
18252,2,233,5011,513.3,256.6,89,121,1,121,121,,비정기 고객,0,0,0,0,취소 없음,1,2,3,123,일반 고객,44.5,2.6,2/18/2012,재방문 지연,안전 고객,중가치 고객
17991,2,25,5186,93.3,46.6,4,1,1,1,1,,주간 고객,0,0,0,0,취소 없음,1,2,1,121,일반 고객,2,6.3,4/29/2011,재방문 지연,안전 고객,저가치 고객
14416,2,326,4983,490.2,245.1,13,20,1,20,20,,월간 고객,0,0,0,0,취소 없음,1,2,2,122,일반 고객,6.5,25.1,12/7/2011,재방문 지연,안전 고객,중가치 고객
13955,2,154,5115,323,161.5,33,151,1,151,151,,비정기 고객,0,0,0,0,취소 없음,1,2,2,122,일반 고객,16.5,4.7,12/6/2011,재방문 지연,안전 고객,중가치 고객
14672,2,454,5195,765.5,382.8,58,102,1,102,102,,비정기 고객,0,0,0,0,취소 없음,1,2,3,123,일반 고객,29,7.8,7/30/2011,재방문 지연,안전 고객,중가치 고객
13212,3,309,4980,786.8,262.3,128,42,1,42,42,,계절 고객,1,0.7,1,7.5,저빈도 취소,1,2,3,123,일반 고객,42.67,2.4,1/1/2012,재방문 지연,안전 고객,중가치 고객
12649,3,583,5068,569.5,189.8,27,105,1,105,105,,비정기 고객,2,6.45,12,19.8,저빈도 취소,1,2,3,123,일반 고객,9,21.6,12/7/2011,재방문 지연,저위험 고객,중가치 고객
16499,2,127,5321,365.4,182.7,18,4,1,4,4,,주간 고객,3,13.64,5,46.35,중빈도 취소,1,2,2,122,일반 고객,9,7.1,12/18/2010,재방문 지연,저위험 고객,중가치 고객
14320,2,325,5167,477.8,238.9,29,126,1,126,126,,비정기 고객,11,26.19,86,134.68,고빈도 취소,1,2,2,122,일반 고객,14.5,11.2,9/20/2011,재방문 지연,중위험 고객,중가치 고객
14127,3,321,5083,709.7,236.6,39,94,2,54,134,56.6,비정기 고객,0,0,0,0,취소 없음,1,2,3,123,일반 고객,13,8.2,11/11/2011,재방문 지연,안전 고객,중가치 고객
16762,3,480,4980,1207.2,402.4,51,62.5,2,26,99,51.6,계절 고객,0,0,0,0,취소 없음,1,2,4,124,고가치 휴면 고객,17,9.4,1/21/2012,재방문 지연,안전 고객,중가치 고객
16997,3,360,5249,702,234,7,18.5,2,16,21,3.5,월간 고객,0,0,0,0,취소 없음,1,2,3,123,일반 고객,2.33,51.4,3/14/2011,재방문 지연,안전 고객,중가치 고객
16099,3,434,5011,731.9,244,29,87.5,2,87,88,0.7,계절 고객,0,0,0,0,취소 없음,1,2,3,123,일반 고객,9.67,15,1/15/2012,재방문 지연,안전 고객,중가치 고객
15969,3,124,4963,666.1,222,20,91.5,2,47,136,62.9,비정기 고객,1,4.76,4,83.2,저빈도 취소,1,2,3,123,일반 고객,6.67,6.2,3/7/2012,재방문 지연,안전 고객,중가치 고객
17736,3,238,4970,377.4,125.8,24,52,2,33,71,26.9,계절 고객,1,3.85,1,39.95,저빈도 취소,1,2,2,122,일반 고객,8,9.9,1/21/2012,재방문 지연,안전 고객,중가치 고객
16014,3,257,4998,631.8,210.6,122,127,2,115,139,17,비정기 고객,3,2.14,4,9.25,중빈도 취소,1,2,3,123,일반 고객,40.67,2.1,3/8/2012,재방문 지연,안전 고객,중가치 고객
12854,3,626,5039,1316.3,438.8,95,120,2,77,163,60.8,비정기 고객,5,4.39,5,35.35,중빈도 취소,1,2,4,124,고가치 휴면 고객,31.67,6.6,1/20/2012,재방문 지연,안전 고객,중가치 고객
16869,4,577,4983,787.4,196.8,112,51,3,10,114,55.4,계절 고객,0,0,0,0,취소 없음,1,2,3,123,일반 고객,28,5.2,1/7/2012,재방문 지연,안전 고객,중가치 고객
17454,4,243,5153,517.5,129.4,57,55.7,3,41,66,13.1,계절 고객,0,0,0,0,취소 없음,1,2,3,123,일반 고객,14.25,4.3,7/26/2011,재방문 지연,안전 고객,중가치 고객
16938,4,2527,4969,2682,670.5,211,100,3,1,171,88.4,비정기 고객,1,0.43,1515,833.25,저빈도 취소,1,2,5,125,고가치 휴면 고객,52.75,12,3/10/2012,재방문 지연,안전 고객,중가치 고객
14655,4,1087,4969,1918.9,479.7,34,71.3,3,14,152,71.9,계절 고객,1,2.04,1,2.08,저빈도 취소,1,2,4,124,고가치 휴면 고객,8.5,32,2/10/2012,재방문 지연,안전 고객,중가치 고객
13168,4,669,4997,1297,324.3,101,94,3,26,163,68.5,비정기 고객,2,1.57,2,9.05,저빈도 취소,1,2,4,124,고가치 휴면 고객,25.25,6.6,2/5/2012,재방문 지연,안전 고객,중가치 고객
15027,4,559,4991,1050.8,262.7,29,69.3,3,19,138,61.6,계절 고객,2,5.56,2,14.2,저빈도 취소,1,2,4,124,고가치 휴면 고객,7.25,19.3,1/17/2012,재방문 지연,저위험 고객,중가치 고객
14342,4,347,4982,668.6,167.2,18,63,3,10,106,48.8,계절 고객,2,8.7,9,59.85,저빈도 취소,1,2,3,123,일반 고객,4.5,19.3,1/20/2012,재방문 지연,저위험 고객,중가치 고객
15722,5,1023,4996,2211.2,442.2,45,85,3,73,103,15.9,계절 고객,3,4.29,5,41.35,중빈도 취소,1,3,5,135,일반 고객,9,22.7,1/28/2012,재방문 지연,안전 고객,고가치 고객
13982,4,1136,5000,1871.8,467.9,72,108.7,3,39,163,63.4,비정기 고객,4,3.48,4,10.7,중빈도 취소,1,2,4,124,고가치 휴면 고객,18,15.8,2/17/2012,재방문 지연,안전 고객,중가치 고객
13323,5,175,4964,787.8,157.6,6,20.3,4,5,52,21.4,월간 고객,0,0,0,0,취소 없음,1,3,3,133,일반 고객,1.2,29.2,12/26/2011,재방문 지연,안전 고객,중가치 고객
16258,5,2994,5006,5203.5,1040.7,111,43.5,4,9,82,30.7,계절 고객,0,0,0,0,취소 없음,1,3,5,135,일반 고객,22.2,27,12/7/2011,재방문 지연,안전 고객,고가치 고객
17410,5,616,4977,1214.7,242.9,57,49.8,4,21,119,46.9,계절 고객,0,0,0,0,취소 없음,1,3,4,134,일반 고객,11.4,10.8,1/12/2012,재방문 지연,안전 고객,고가치 고객
16750,5,214,5005,623.9,124.8,74,47,4,15,96,35.4,계절 고객,0,0,0,0,취소 없음,1,3,3,133,일반 고객,14.8,2.9,12/12/2011,재방문 지연,안전 고객,중가치 고객
15906,7,539,4980,1503.9,214.8,112,59,4,36,76,19.8,계절 고객,1,0.67,6,45.9,저빈도 취소,1,3,4,134,일반 고객,16,4.8,1/18/2012,재방문 지연,안전 고객,고가치 고객
15117,5,1948,4975,1551.8,310.4,63,50.3,4,2,95,40.8,계절 고객,1,1.25,1,1.65,저빈도 취소,1,3,4,134,일반 고객,12.6,30.9,1/14/2012,재방문 지연,안전 고객,고가치 고객
12520,5,1419,5040,2326.5,465.3,119,48.5,4,14,63,23.3,계절 고객,3,2.01,9,51.75,중빈도 취소,1,3,5,135,일반 고객,23.8,11.9,11/8/2011,재방문 지연,안전 고객,고가치 고객
14407,5,1386,5068,2104,420.8,64,42.3,4,8,71,30.2,계절 고객,3,4.11,3,46.65,중빈도 취소,1,3,5,135,일반 고객,12.8,21.7,10/5/2011,재방문 지연,안전 고객,고가치 고객
15993,7,2029,4969,2755.7,393.7,333,9,4,8,11,1.4,월간 고객,8,1.46,9,40.75,고빈도 취소,1,3,5,135,일반 고객,47.57,6.1,12/10/2011,재방문 지연,안전 고객,고가치 고객
12684,6,1973,4968,2073.6,345.6,59,41.2,5,16,107,37.9,계절 고객,0,0,0,0,취소 없음,1,3,5,135,일반 고객,9.83,33.4,1/12/2012,재방문 지연,안전 고객,고가치 고객
14289,6,292,4969,911.3,151.9,33,56.2,5,23,126,40.1,계절 고객,0,0,0,0,취소 없음,1,3,3,133,일반 고객,5.5,8.8,1/26/2012,재방문 지연,안전 고객,중가치 고객
16915,6,132,4970,621.7,103.6,46,54.8,5,35,83,24.5,계절 고객,0,0,0,0,취소 없음,1,3,3,133,일반 고객,7.67,2.9,1/24/2012,재방문 지연,안전 고객,중가치 고객
15260,7,885,5061,1810.8,258.7,62,54.4,5,17,139,48.5,계절 고객,1,1.28,24,30,저빈도 취소,1,3,4,134,일반 고객,8.86,14.3,10/24/2011,재방문 지연,안전 고객,고가치 고객
14210,6,752,5066,1866.2,311,65,53.2,5,30,92,26.7,계절 고객,1,0.99,1,4.95,저빈도 취소,1,3,4,134,일반 고객,10.83,11.6,10/18/2011,재방문 지연,안전 고객,고가치 고객
16306,6,487,5174,632.3,105.4,36,30.8,5,2,81,31.8,계절 고객,3,6.82,16,30,중빈도 취소,1,3,3,133,일반 고객,6,13.5,6/10/2011,재방문 지연,저위험 고객,중가치 고객
13536,7,2126,4962,3444.4,492.1,91,12.3,6,4,26,9.7,월간 고객,0,0,0,0,취소 없음,1,3,5,135,일반 고객,13,23.4,12/20/2011,재방문 지연,안전 고객,고가치 고객
17416,7,4302,4990,6893.4,984.8,186,42,6,6,78,27.5,계절 고객,2,0.74,36,55.08,저빈도 취소,1,3,5,135,일반 고객,26.57,23.1,12/22/2011,재방문 지연,안전 고객,고가치 고객
12428,8,3319,4986,6218.2,777.3,250,43,6,10,95,37.8,계절 고객,3,1.06,4,12.98,중빈도 취소,1,3,5,135,일반 고객,31.25,13.3,12/27/2011,재방문 지연,안전 고객,고가치 고객
12867,7,4284,4987,4009.3,572.8,240,55.7,6,35,70,13.7,계절 고객,12,2.2,23,46.35,고빈도 취소,1,3,5,135,일반 고객,34.29,17.9,1/8/2012,재방문 지연,안전 고객,고가치 고객
16818,11,2152,4971,3338.2,303.5,171,19.5,10,4,61,17.2,월간 고객,2,1.06,2,31.6,저빈도 취소,1,4,5,145,휴면 우수 고객,15.55,12.6,12/18/2011,재방문 지연,안전 고객,최고가치 고객
16764,13,1250,4964,2776.1,213.5,208,11.7,12,5,27,6.6,월간 고객,12,1.69,12,41,고빈도 취소,1,4,5,145,휴면 우수 고객,16,6,12/18/2011,재방문 지연,안전 고객,최고가치 고객
14031,19,4867,4968,16266.5,856.1,117,22.8,16,7,52,13.5,월간 고객,7,2.82,417,2587.95,고빈도 취소,1,4,5,145,휴면 우수 고객,6.16,41.6,12/25/2011,재방문 지연,안전 고객,최고가치 고객
17857,22,14822,4965,25301.5,1150.1,18,19,19,1,62,16.5,월간 고객,2,4,170,115.7,저빈도 취소,1,5,5,155,휴면 우수 고객,0.82,823.4,12/24/2011,재방문 지연,안전 고객,고가치 고객
12418,1,401,5073,653.3,653.3,33,,0,,,,일회성 고객,0,0,0,0,취소 없음,1,1,3,113,일반 고객,33,12.2,,예측 불가,안전 고객,중가치 고객
13801,1,168,5027,324.8,324.8,23,,0,,,,일회성 고객,0,0,0,0,취소 없음,1,1,2,112,일반 고객,23,7.3,,예측 불가,안전 고객,중가치 고객
17973,1,176,5012,337,337,15,,0,,,,일회성 고객,0,0,0,0,취소 없음,1,1,2,112,일반 고객,15,11.7,,예측 불가,안전 고객,중가치 고객
16591,1,41,5029,213.5,213.5,10,,0,,,,일회성 고객,0,0,0,0,취소 없음,1,1,2,112,일반 고객,10,4.1,,예측 불가,안전 고객,중가치 고객
17925,1,72,5333,244.1,244.1,1,,0,,,,일회성 고객,0,0,0,0,취소 없음,1,1,2,112,일반 고객,1,72,,예측 불가,안전 고객,저가치 고객
14873,1,164,5171,499.9,499.9,27,,0,,,,일회성 고객,0,0,0,0,취소 없음,1,1,2,112,일반 고객,27,6.1,,예측 불가,안전 고객,중가치 고객
14642,1,76,5019,96.1,96.1,2,,0,,,,일회성 고객,0,0,0,0,취소 없음,1,1,1,111,일반 고객,2,38,,예측 불가,안전 고객,저가치 고객
17752,1,192,5320,80.6,80.6,1,,0,,,,일회성 고객,0,0,0,0,취소 없음,1,1,1,111,일반 고객,1,192,,예측 불가,안전 고객,저가치 고객
18129,1,48,5204,112.5,112.5,13,,0,,,,일회성 고객,0,0,0,0,취소 없음,1,1,1,111,일반 고객,13,3.7,,예측 불가,안전 고객,중가치 고객
15374,1,126,5089,168,168,3,,0,,,,일회성 고객,0,0,0,0,취소 없음,1,1,1,111,일반 고객,3,42,,예측 불가,안전 고객,저가치 고객
15540,1,200,4972,213.3,213.3,15,,0,,,,일회성 고객,0,0,0,0,취소 없음,1,1,2,112,일반 고객,15,13.3,,예측 불가,안전 고객,중가치 고객
17100,2,800,4979,971.7,485.9,65,,0,,,,일회성 고객,0,0,0,0,취소 없음,1,2,3,123,일반 고객,32.5,12.3,,예측 불가,안전 고객,중가치 고객
16953,1,10,4991,20.8,20.8,1,,0,,,,일회성 고객,0,0,0,0,취소 없음,1,1,1,111,일반 고객,1,10,,예측 불가,안전 고객,저가치 고객
15042,1,30,5160,135.9,135.9,5,,0,,,,일회성 고객,0,0,0,0,취소 없음,1,1,1,111,일반 고객,5,6,,예측 불가,안전 고객,중가치 고객
16902,1,627,5077,1695,1695,42,,0,,,,일회성 고객,0,0,0,0,취소 없음,1,1,4,114,고가치 휴면 고객,42,14.9,,예측 불가,안전 고객,중가치 고객
12452,1,181,4977,348.6,348.6,20,,0,,,,일회성 고객,0,0,0,0,취소 없음,1,1,2,112,일반 고객,20,9.1,,예측 불가,안전 고객,중가치 고객
14139,1,510,5007,415.8,415.8,26,,0,,,,일회성 고객,0,0,0,0,취소 없음,1,1,2,112,일반 고객,26,19.6,,예측 불가,안전 고객,중가치 고객
13979,1,639,5034,869.9,869.9,54,,0,,,,일회성 고객,0,0,0,0,취소 없음,1,1,3,113,일반 고객,54,11.8,,예측 불가,안전 고객,중가치 고객
13937,1,123,5130,158.8,158.8,9,,0,,,,일회성 고객,0,0,0,0,취소 없음,1,1,1,111,일반 고객,9,13.7,,예측 불가,안전 고객,중가치 고객
13927,1,208,5035,333.7,333.7,20,,0,,,,일회성 고객,0,0,0,0,취소 없음,1,1,2,112,일반 고객,20,10.4,,예측 불가,안전 고객,중가치 고객
16030,1,283,5270,331.2,331.2,28,,0,,,,일회성 고객,0,0,0,0,취소 없음,1,1,2,112,일반 고객,28,10.1,,예측 불가,안전 고객,중가치 고객
12702,1,52,4980,201,201,11,,0,,,,일회성 고객,0,0,0,0,취소 없음,1,1,2,112,일반 고객,11,4.7,,예측 불가,안전 고객,중가치 고객
16587,1,71,5193,225.2,225.2,13,,0,,,,일회성 고객,0,0,0,0,취소 없음,1,1,2,112,일반 고객,13,5.5,,예측 불가,안전 고객,중가치 고객
15460,1,98,5315,203,203,52,,0,,,,일회성 고객,0,0,0,0,취소 없음,1,1,2,112,일반 고객,52,1.9,,예측 불가,안전 고객,중가치 고객
12579,1,282,5039,386.4,386.4,28,,0,,,,일회성 고객,1,3.45,6,11.7,저빈도 취소,1,1,2,112,일반 고객,28,10.1,,예측 불가,안전 고객,중가치 고객
13151,1,363,5256,1257.9,1257.9,73,,0,,,,일회성 고객,1,1.33,2,7.5,저빈도 취소,1,1,4,114,고가치 휴면 고객,73,5,,예측 불가,안전 고객,중가치 고객
13345,1,140,5248,339.5,339.5,19,,0,,,,일회성 고객,2,9.52,2,11.9,저빈도 취소,1,1,2,112,일반 고객,19,7.4,,예측 불가,저위험 고객,중가치 고객
15609,1,148,5145,298.5,298.5,16,,0,,,,일회성 고객,2,11.11,3,28.45,중빈도 취소,1,1,2,112,일반 고객,16,9.3,,예측 불가,저위험 고객,중가치 고객
13369,1,148,5326,258.3,258.3,13,,0,,,,일회성 고객,5,27.78,22,44.53,고빈도 취소,1,1,2,112,일반 고객,13,11.4,,예측 불가,중위험 고객,중가치 고객
15800,2,330,5068,687,343.5,115,139,1,139,139,,비정기 고객,0,0,0,0,취소 없음,1,2,3,123,일반 고객,57.5,2.9,1/10/2012,재방문 지연,안전 고객,중가치 고객
15967,2,205,4984,397.7,198.8,73,295,1,295,295,,비정기 고객,0,0,0,0,취소 없음,1,2,2,122,일반 고객,36.5,2.8,9/6/2012,재방문 지연,안전 고객,중가치 고객
13434,2,300,5035,534.2,267.1,9,22,1,22,22,,월간 고객,0,0,0,0,취소 없음,1,2,3,123,일반 고객,4.5,33.3,10/18/2011,재방문 지연,안전 고객,중가치 고객
17664,2,604,4979,604.6,302.3,41,194,1,194,194,,비정기 고객,0,0,0,0,취소 없음,1,2,3,123,일반 고객,20.5,14.7,6/2/2012,재방문 지연,안전 고객,중가치 고객
17679,2,729,5013,1992.1,996,29,33,1,33,33,,계절 고객,0,0,0,0,취소 없음,1,2,4,124,고가치 휴면 고객,14.5,25.1,11/20/2011,재방문 지연,안전 고객,중가치 고객
13823,2,439,4979,957.7,478.9,39,73,1,73,73,,계절 고객,0,0,0,0,취소 없음,1,2,3,123,일반 고객,19.5,11.3,2/2/2012,재방문 지연,안전 고객,중가치 고객
14891,2,505,5109,554.4,277.2,30,39,1,39,39,,계절 고객,0,0,0,0,취소 없음,1,2,3,123,일반 고객,15,16.8,8/22/2011,재방문 지연,안전 고객,중가치 고객
17695,2,707,5092,708.5,354.3,29,40,1,40,40,,계절 고객,0,0,0,0,취소 없음,1,2,3,123,일반 고객,14.5,24.4,9/9/2011,재방문 지연,안전 고객,중가치 고객
14029,2,198,5024,467.7,233.8,15,81,1,81,81,,계절 고객,0,0,0,0,취소 없음,1,2,2,122,일반 고객,7.5,13.2,12/27/2011,재방문 지연,안전 고객,중가치 고객
14865,2,108,4968,52.2,26.1,4,365,1,365,365,,비정기 고객,0,0,0,0,취소 없음,1,2,1,121,일반 고객,2,27,12/1/2012,재방문 지연,안전 고객,저가치 고객
14660,2,228,5047,285.7,142.8,24,14,1,14,14,,월간 고객,0,0,0,0,취소 없음,1,2,2,122,일반 고객,12,9.5,9/28/2011,재방문 지연,안전 고객,중가치 고객
14272,2,599,5034,438,219,33,181,1,181,181,,비정기 고객,0,0,0,0,취소 없음,1,2,2,122,일반 고객,16.5,18.2,3/26/2012,재방문 지연,안전 고객,중가치 고객
13564,2,635,5315,1174,587,67,14,1,14,14,,월간 고객,0,0,0,0,취소 없음,1,2,4,124,고가치 휴면 고객,33.5,9.5,1/3/2011,재방문 지연,안전 고객,중가치 고객
14921,2,953,4991,1316.1,658,78,171,1,171,171,,비정기 고객,0,0,0,0,취소 없음,1,2,4,124,고가치 휴면 고객,39,12.2,4/28/2012,재방문 지연,안전 고객,중가치 고객
12925,2,537,4965,664.2,332.1,40,70,1,70,70,,계절 고객,0,0,0,0,취소 없음,1,2,3,123,일반 고객,20,13.4,2/13/2012,재방문 지연,안전 고객,중가치 고객
13718,2,173,5207,306.5,153.3,9,49,1,49,49,,계절 고객,0,0,0,0,취소 없음,1,2,2,122,일반 고객,4.5,19.2,5/26/2011,재방문 지연,안전 고객,중가치 고객
17334,2,315,5263,307,153.5,11,6,1,6,6,,주간 고객,1,8.33,1,0.42,저빈도 취소,1,2,2,122,일반 고객,5.5,28.6,2/16/2011,재방문 지연,저위험 고객,중가치 고객
18158,2,354,4970,453.4,226.7,24,79,1,79,79,,계절 고객,1,2.86,1,1.65,저빈도 취소,1,2,2,122,일반 고객,12,14.8,2/17/2012,재방문 지연,안전 고객,중가치 고객
15384,2,590,5130,627.1,313.6,33,190,1,190,190,,비정기 고객,2,4.76,3,6.65,저빈도 취소,1,2,3,123,일반 고객,16.5,17.9,12/30/2011,재방문 지연,안전 고객,중가치 고객
14385,3,159,4970,202.1,67.4,13,7,2,7,7,0,주간 고객,0,0,0,0,취소 없음,1,2,2,122,일반 고객,4.33,12.2,12/7/2011,재방문 지연,안전 고객,중가치 고객
17351,3,113,4997,587.1,195.7,22,118.5,2,104,133,20.5,비정기 고객,0,0,0,0,취소 없음,1,2,3,123,일반 고객,7.33,5.1,2/29/2012,재방문 지연,안전 고객,중가치 고객
14880,3,352,5038,660.6,220.2,43,105.5,2,103,108,3.5,비정기 고객,0,0,0,0,취소 없음,1,2,3,123,일반 고객,14.33,8.2,1/6/2012,재방문 지연,안전 고객,중가치 고객
12414,3,297,5178,442.4,147.5,15,46.5,2,10,83,51.6,계절 고객,0,0,0,0,취소 없음,1,2,2,122,일반 고객,5,19.8,6/21/2011,재방문 지연,안전 고객,중가치 고객
13297,4,963,4968,2089.9,522.5,52,30,2,16,44,19.8,월간 고객,0,0,0,0,취소 없음,1,2,5,125,고가치 휴면 고객,13,18.5,1/1/2012,재방문 지연,안전 고객,중가치 고객
17573,3,308,4990,380.6,126.9,24,32,2,8,56,33.9,계절 고객,1,3.85,6,17.7,저빈도 취소,1,2,2,122,일반 고객,8,12.8,12/12/2011,재방문 지연,안전 고객,중가치 고객
15793,3,553,4975,965.6,321.9,6,127,2,25,229,144.2,비정기 고객,1,7.69,1,16.65,저빈도 취소,1,2,3,123,일반 고객,2,92.2,3/31/2012,재방문 지연,저위험 고객,중가치 고객
16496,3,1111,4969,1599.5,533.2,92,154,2,109,199,63.6,비정기 고객,2,2.06,20,37.3,저빈도 취소,1,2,4,124,고가치 휴면 고객,30.67,12.1,5/3/2012,재방문 지연,안전 고객,중가치 고객
13658,5,1019,4970,2639.2,527.8,91,97.5,2,76,119,30.4,비정기 고객,4,3.57,10,217.7,중빈도 취소,1,3,5,135,일반 고객,18.2,11.2,3/6/2012,재방문 지연,안전 고객,고가치 고객
16362,5,340,4993,710,142,58,29.5,2,27,32,3.5,월간 고객,9,10.47,26,82.7,고빈도 취소,1,3,3,133,일반 고객,11.6,5.9,12/6/2011,재방문 지연,저위험 고객,중가치 고객
13883,5,1428,4971,2634.9,527,107,121.5,2,35,208,122.3,비정기 고객,10,6.67,65,122.33,고빈도 취소,1,3,5,135,일반 고객,21.4,13.3,3/29/2012,재방문 지연,저위험 고객,고가치 고객
15227,5,750,4997,1219.4,243.9,43,93.7,3,33,179,76.1,비정기 고객,0,0,0,0,취소 없음,1,3,4,134,일반 고객,8.6,17.4,2/5/2012,재방문 지연,안전 고객,고가치 고객
14504,4,308,5008,673.3,168.3,85,77,3,16,196,103.1,계절 고객,0,0,0,0,취소 없음,1,2,3,123,일반 고객,21.25,3.6,1/8/2012,재방문 지연,안전 고객,중가치 고객
14897,4,468,4968,1366.4,341.6,43,96.3,3,36,208,96.8,비정기 고객,0,0,0,0,취소 없음,1,2,4,124,고가치 휴면 고객,10.75,10.9,3/7/2012,재방문 지연,안전 고객,중가치 고객
17043,4,958,4993,1640.2,410.1,95,78,3,19,127,54.7,계절 고객,0,0,0,0,취소 없음,1,2,4,124,고가치 휴면 고객,23.75,10.1,1/24/2012,재방문 지연,안전 고객,중가치 고객
15656,4,343,5006,748.5,187.1,46,79.7,3,42,133,47.5,계절 고객,0,0,0,0,취소 없음,1,2,3,123,일반 고객,11.5,7.5,1/13/2012,재방문 지연,안전 고객,중가치 고객
13614,4,555,4985,1552.9,388.2,168,102,3,65,166,55.7,비정기 고객,0,0,0,0,취소 없음,1,2,4,124,고가치 휴면 고객,42,3.3,2/25/2012,재방문 지연,안전 고객,중가치 고객
16612,4,506,4993,1187.7,296.9,48,93,3,67,125,29.5,비정기 고객,0,0,0,0,취소 없음,1,2,4,124,고가치 휴면 고객,12,10.5,2/8/2012,재방문 지연,안전 고객,중가치 고객
13815,4,2536,4983,3647.6,911.9,130,98.7,3,1,149,84.6,비정기 고객,1,0.58,3,12.45,저빈도 취소,1,2,5,125,고가치 휴면 고객,32.5,19.5,2/24/2012,재방문 지연,안전 고객,중가치 고객
15594,5,983,4976,1771.8,354.4,85,54.8,4,12,141,60.2,계절 고객,1,0.96,1,4.25,저빈도 취소,1,3,4,134,일반 고객,17,11.6,1/18/2012,재방문 지연,안전 고객,고가치 고객
17723,6,792,5088,3276.4,546.1,4,17.4,5,9,28,7,월간 고객,0,0,0,0,취소 없음,1,3,5,135,일반 고객,0.67,198,8/21/2011,재방문 지연,안전 고객,중가치 고객
13138,6,473,4983,962.4,160.4,31,70,5,24,132,47.2,계절 고객,0,0,0,0,취소 없음,1,3,3,133,일반 고객,5.17,15.3,1/26/2012,재방문 지연,안전 고객,중가치 고객
18177,6,709,4992,1340.9,223.5,53,44.8,5,1,126,48.3,계절 고객,1,1.35,5,27.25,저빈도 취소,1,3,4,134,일반 고객,8.83,13.4,12/23/2011,재방문 지연,안전 고객,고가치 고객
16184,6,561,5025,1158.8,193.1,26,29.4,5,7,49,16.5,월간 고객,1,2.17,1,3.25,저빈도 취소,1,3,4,134,일반 고객,4.33,21.6,11/4/2011,재방문 지연,안전 고객,고가치 고객
14640,6,880,4985,2107.4,351.2,87,40.6,5,20,68,21.1,계절 고객,7,6.25,57,82.93,고빈도 취소,1,3,5,135,일반 고객,14.5,10.1,12/26/2011,재방문 지연,저위험 고객,고가치 고객
17581,25,5909,4961,11009.9,440.4,228,41.3,9,19,67,13.7,계절 고객,12,2.67,66,308.93,고빈도 취소,1,5,5,155,휴면 우수 고객,9.12,25.9,1/19/2012,재방문 지연,안전 고객,최고가치 고객
17001,11,2164,4961,3989.6,362.7,75,35.8,10,22,60,11.6,계절 고객,0,0,0,0,취소 없음,1,4,5,145,휴면 우수 고객,6.82,28.9,1/14/2012,재방문 지연,안전 고객,최고가치 고객
14755,11,2215,4970,4990.5,453.7,127,32.5,10,15,49,10.5,계절 고객,2,0.85,2,44.9,저빈도 취소,1,4,5,145,휴면 우수 고객,11.55,17.4,1/1/2012,재방문 지연,안전 고객,최고가치 고객
13985,15,3445,4965,7060.1,470.7,108,18.6,14,3,50,13.8,월간 고객,2,0.57,8,35.6,저빈도 취소,1,4,5,145,휴면 우수 고객,7.2,31.9,12/24/2011,재방문 지연,안전 고객,최고가치 고객
18241,17,1051,4970,2073.1,121.9,60,13,16,1,41,12.9,월간 고객,1,0.95,4,15,저빈도 취소,1,4,5,145,휴면 우수 고객,3.53,17.5,12/13/2011,재방문 지연,안전 고객,최고가치 고객
15615,23,5508,4971,10399.7,452.2,184,21.8,16,1,42,12.3,월간 고객,6,1.4,15,39.7,고빈도 취소,1,5,5,155,휴면 우수 고객,8,29.9,12/21/2011,재방문 지연,안전 고객,최고가치 고객
16133,33,8887,4964,14589,442.1,219,11.3,28,1,43,11.2,월간 고객,26,7.14,150,283.38,고빈도 취소,1,5,5,155,휴면 우수 고객,6.64,40.6,12/17/2011,재방문 지연,저위험 고객,최고가치 고객
17248,1,213,5081,318.6,318.6,68,,0,,,,일회성 고객,0,0,0,0,취소 없음,1,1,2,112,일반 고객,68,3.1,,예측 불가,안전 고객,중가치 고객
13302,1,5,5116,63.8,63.8,1,,0,,,,일회성 고객,0,0,0,0,취소 없음,1,1,1,111,일반 고객,1,5,,예측 불가,안전 고객,저가치 고객
17333,1,375,5046,494.2,494.2,28,,0,,,,일회성 고객,0,0,0,0,취소 없음,1,1,2,112,일반 고객,28,13.4,,예측 불가,안전 고객,중가치 고객
16404,1,157,5031,443.1,443.1,23,,0,,,,일회성 고객,0,0,0,0,취소 없음,1,1,2,112,일반 고객,23,6.8,,예측 불가,안전 고객,중가치 고객
15075,1,447,5038,773,773,27,,0,,,,일회성 고객,0,0,0,0,취소 없음,1,1,3,113,일반 고객,27,16.6,,예측 불가,안전 고객,중가치 고객
14204,1,72,4963,150.6,150.6,36,,0,,,,일회성 고객,0,0,0,0,취소 없음,1,1,1,111,일반 고객,36,2,,예측 불가,안전 고객,중가치 고객
13512,1,143,5221,251.2,251.2,15,,0,,,,일회성 고객,0,0,0,0,취소 없음,1,1,2,112,일반 고객,15,9.5,,예측 불가,안전 고객,중가치 고객
14633,1,96,5227,344.9,344.9,20,,0,,,,일회성 고객,0,0,0,0,취소 없음,1,1,2,112,일반 고객,20,4.8,,예측 불가,안전 고객,중가치 고객
12639,1,198,5199,366.1,366.1,21,,0,,,,일회성 고객,0,0,0,0,취소 없음,1,1,2,112,일반 고객,21,9.4,,예측 불가,안전 고객,중가치 고객
12772,1,547,5020,732.7,732.7,53,,0,,,,일회성 고객,0,0,0,0,취소 없음,1,1,3,113,일반 고객,53,10.3,,예측 불가,안전 고객,중가치 고객
15739,1,472,5027,449.1,449.1,8,,0,,,,일회성 고객,0,0,0,0,취소 없음,1,1,2,112,일반 고객,8,59,,예측 불가,안전 고객,중가치 고객
16826,1,158,5012,341.7,341.7,22,,0,,,,일회성 고객,0,0,0,0,취소 없음,1,1,2,112,일반 고객,22,7.2,,예측 불가,안전 고객,중가치 고객
17831,1,12,4994,35.4,35.4,2,,0,,,,일회성 고객,0,0,0,0,취소 없음,1,1,1,111,일반 고객,2,6,,예측 불가,안전 고객,저가치 고객
16363,1,52,5014,109.4,109.4,5,,0,,,,일회성 고객,0,0,0,0,취소 없음,1,1,1,111,일반 고객,5,10.4,,예측 불가,안전 고객,중가치 고객
13877,1,108,5047,117.2,117.2,3,,0,,,,일회성 고객,0,0,0,0,취소 없음,1,1,1,111,일반 고객,3,36,,예측 불가,안전 고객,저가치 고객
16445,1,111,4994,230.5,230.5,62,,0,,,,일회성 고객,0,0,0,0,취소 없음,1,1,2,112,일반 고객,62,1.8,,예측 불가,안전 고객,중가치 고객
13322,1,117,4978,199.5,199.5,25,,0,,,,일회성 고객,0,0,0,0,취소 없음,1,1,1,111,일반 고객,25,4.7,,예측 불가,안전 고객,중가치 고객
18119,1,124,5328,180.7,180.7,29,,0,,,,일회성 고객,0,0,0,0,취소 없음,1,1,1,111,일반 고객,29,4.3,,예측 불가,안전 고객,중가치 고객
14459,1,760,5116,1837.9,1837.9,37,,0,,,,일회성 고객,0,0,0,0,취소 없음,1,1,4,114,고가치 휴면 고객,37,20.5,,예측 불가,안전 고객,중가치 고객
15319,1,175,5244,204.5,204.5,16,,0,,,,일회성 고객,0,0,0,0,취소 없음,1,1,2,112,일반 고객,16,10.9,,예측 불가,안전 고객,중가치 고객
16177,1,95,5011,331.9,331.9,15,,0,,,,일회성 고객,0,0,0,0,취소 없음,1,1,2,112,일반 고객,15,6.3,,예측 불가,안전 고객,중가치 고객
16260,1,311,5011,1035.5,1035.5,18,,0,,,,일회성 고객,0,0,0,0,취소 없음,1,1,4,114,고가치 휴면 고객,18,17.3,,예측 불가,안전 고객,중가치 고객
12707,1,232,5252,557.8,557.8,30,,0,,,,일회성 고객,0,0,0,0,취소 없음,1,1,3,113,일반 고객,30,7.7,,예측 불가,안전 고객,중가치 고객
15773,1,311,4966,635.7,635.7,10,,0,,,,일회성 고객,0,0,0,0,취소 없음,1,1,3,113,일반 고객,10,31.1,,예측 불가,안전 고객,중가치 고객
12623,1,177,5237,238.5,238.5,15,,0,,,,일회성 고객,0,0,0,0,취소 없음,1,1,2,112,일반 고객,15,11.8,,예측 불가,안전 고객,중가치 고객
15226,1,71,5271,154.4,154.4,8,,0,,,,일회성 고객,0,0,0,0,취소 없음,1,1,1,111,일반 고객,8,8.9,,예측 불가,안전 고객,중가치 고객
13948,1,40,5321,102,102,3,,0,,,,일회성 고객,0,0,0,0,취소 없음,1,1,1,111,일반 고객,3,13.3,,예측 불가,안전 고객,저가치 고객
15978,1,888,5038,1098.8,1098.8,49,,0,,,,일회성 고객,0,0,0,0,취소 없음,1,1,4,114,고가치 휴면 고객,49,18.1,,예측 불가,안전 고객,중가치 고객
16565,1,46,5325,173.7,173.7,3,,0,,,,일회성 고객,0,0,0,0,취소 없음,1,1,1,111,일반 고객,3,15.3,,예측 불가,안전 고객,저가치 고객
14950,1,136,4980,371.2,371.2,19,,0,,,,일회성 고객,1,5,1,9.95,저빈도 취소,1,1,2,112,일반 고객,19,7.2,,예측 불가,저위험 고객,중가치 고객
12809,1,217,5138,405.3,405.3,24,,0,,,,일회성 고객,1,4,1,4.95,저빈도 취소,1,1,2,112,일반 고객,24,9,,예측 불가,안전 고객,중가치 고객
13422,1,1322,5025,2606.5,2606.5,126,,0,,,,일회성 고객,1,0.79,5,24.75,저빈도 취소,1,1,5,115,고가치 휴면 고객,126,10.5,,예측 불가,안전 고객,중가치 고객
15308,1,175,5235,310.5,310.5,19,,0,,,,일회성 고객,2,9.52,2,8.2,저빈도 취소,1,1,2,112,일반 고객,19,9.2,,예측 불가,저위험 고객,중가치 고객
14109,1,86,5033,130.9,130.9,8,,0,,,,일회성 고객,4,33.33,30,50.7,고빈도 취소,1,1,1,111,일반 고객,8,10.8,,예측 불가,고위험 고객,중가치 고객
17044,1,504,4986,948.5,948.5,6,,0,,,,일회성 고객,4,40,17,51.05,고빈도 취소,1,1,3,113,일반 고객,6,84,,예측 불가,고위험 고객,중가치 고객
15612,2,51,4997,180.2,90.1,3,25,1,25,25,,월간 고객,0,0,0,0,취소 없음,1,2,1,121,일반 고객,1.5,17,11/28/2011,재방문 지연,안전 고객,저가치 고객
15198,2,120,5053,193.6,96.8,10,32,1,32,32,,계절 고객,0,0,0,0,취소 없음,1,2,1,121,일반 고객,5,12,10/10/2011,재방문 지연,안전 고객,중가치 고객
15353,2,341,5215,770.1,385.1,59,113,1,113,113,,비정기 고객,0,0,0,0,취소 없음,1,2,3,123,일반 고객,29.5,5.8,7/21/2011,재방문 지연,안전 고객,중가치 고객
17384,2,88,4980,336.4,168.2,12,200,1,200,200,,비정기 고객,0,0,0,0,취소 없음,1,2,2,122,일반 고객,6,7.3,6/7/2012,재방문 지연,안전 고객,중가치 고객
17353,2,1200,5090,1740,870,5,25,1,25,25,,월간 고객,0,0,0,0,취소 없음,1,2,4,124,고가치 휴면 고객,2.5,240,8/27/2011,재방문 지연,안전 고객,중가치 고객
13016,3,521,5034,774.6,258.2,38,50,1,50,50,,계절 고객,0,0,0,0,취소 없음,1,2,3,123,일반 고객,12.67,13.7,11/16/2011,재방문 지연,안전 고객,중가치 고객
13083,2,187,4965,303.7,151.8,15,71,1,71,71,,계절 고객,0,0,0,0,취소 없음,1,2,2,122,일반 고객,7.5,12.5,2/14/2012,재방문 지연,안전 고객,중가치 고객
15648,2,218,5165,639.5,319.8,23,63,1,63,63,,계절 고객,2,7.69,7,54.75,저빈도 취소,1,2,3,123,일반 고객,11.5,9.5,7/21/2011,재방문 지연,저위험 고객,중가치 고객
12465,2,475,4978,682.2,341.1,45,152,1,152,152,,비정기 고객,4,8.16,4,8.3,중빈도 취소,1,2,3,123,일반 고객,22.5,10.6,4/22/2012,재방문 지연,저위험 고객,중가치 고객
17564,3,146,4985,454,151.3,38,28,2,20,36,11.3,월간 고객,0,0,0,0,취소 없음,1,2,2,122,일반 고객,12.67,3.8,12/13/2011,재방문 지연,안전 고객,중가치 고객
17483,3,191,5026,414,138,18,59,2,49,69,14.1,계절 고객,0,0,0,0,취소 없음,1,2,2,122,일반 고객,6,10.6,12/3/2011,재방문 지연,안전 고객,중가치 고객
13334,3,1698,5043,3343.6,1114.5,200,111.5,2,108,115,4.9,비정기 고객,0,0,0,0,취소 없음,1,2,5,125,고가치 휴면 고객,66.67,8.5,1/7/2012,재방문 지연,안전 고객,중가치 고객
18096,3,787,4972,846.5,282.2,156,26,2,6,46,28.3,월간 고객,0,0,0,0,취소 없음,1,2,3,123,일반 고객,52,5,12/24/2011,재방문 지연,안전 고객,중가치 고객
18149,3,310,5011,612.1,204,11,111.5,2,58,165,75.7,비정기 고객,0,0,0,0,취소 없음,1,2,3,123,일반 고객,3.67,28.2,2/8/2012,재방문 지연,안전 고객,중가치 고객
12936,4,559,4978,1063.9,266,56,30.5,2,4,57,37.5,계절 고객,1,1.59,20,51,저빈도 취소,1,2,4,124,고가치 휴면 고객,14,10,12/22/2011,재방문 지연,안전 고객,중가치 고객
16473,3,196,5125,316.1,105.4,18,86,2,49,123,52.3,계절 고객,1,5.26,1,1.25,저빈도 취소,1,2,2,122,일반 고객,6,10.9,9/22/2011,재방문 지연,저위험 고객,중가치 고객
18263,3,1444,4986,1194.2,398.1,58,113.5,2,97,130,23.3,비정기 고객,1,1.64,1,2.08,저빈도 취소,1,2,4,124,고가치 휴면 고객,19.33,24.9,3/6/2012,재방문 지연,안전 고객,중가치 고객
